Country Name,Country Code,Series Name,Series Code,2000 [YR2000],2005 [YR2005],2010 [YR2010],2015 [YR2015],2016 [YR2016]
Afghanistan,AFG,GDP growth (annual %),NY.GDP.MKTP.KD.ZG,..,11.1752702416587,8.43329048161792,1.31004040372002,2.36671191565063
Afghanistan,AFG,GDP per capita (constant 2005 US$),NY.GDP.PCAP.KD,..,389.416357791097,553.300289383064,620.05652498092,617.889972323552
Afghanistan,AFG,"Inflation, consumer prices (annual %)",FP.CPI.TOTL.ZG,..,12.68626872,0.892536936,-1.533846583,2.169452176
Albania,ALB,GDP growth (annual %),NY.GDP.MKTP.KD.ZG,6.66662049881369,5.72081994678555,3.71005779297435,2.2187520539882,3.35215921082479
Albania,ALB,GDP per capita (constant 2005 US$),NY.GDP.PCAP.KD,2337.9423863713,3189.39511117692,4094.35883191918,4524.64443153606,4683.80021257139
Albania,ALB,"Inflation, consumer prices (annual %)",FP.CPI.TOTL.ZG,0.050018136,2.366581957,3.552267388,1.910016978,1.282798834
Algeria,DZA,GDP growth (annual %),NY.GDP.MKTP.KD.ZG,3.81967849559879,5.90779126808133,3.63414535334246,3.76346695783126,3.29999999975597
Algeria,DZA,GDP per capita (constant 2005 US$),NY.GDP.PCAP.KD,3541.07203679729,4273.31275146765,4463.39467488951,4759.5952415194,4827.72425138732
Algeria,DZA,"Inflation, consumer prices (annual %)",FP.CPI.TOTL.ZG,0.339163189,1.382446567,3.913043478,4.784976963,6.397714109
American Samoa,ASM,GDP growth (annual %),NY.GDP.MKTP.KD.ZG,..,-0.401606425702823,0.442477876106182,1.24804992199688,-2.61941448382126
American Samoa,ASM,GDP per capita (constant 2005 US$),NY.GDP.PCAP.KD,..,10644.5810685804,10352.8227618312,9884.11186605049,9614.47267179797
American Samoa,ASM,"Inflation, consumer prices (annual %)",FP.CPI.TOTL.ZG,..,..,..,..,..
Andorra,AND,GDP growth (annual %),NY.GDP.MKTP.KD.ZG,3.52836129711109,7.39698271536501,-5.35882577533336,0.842203518374134,1.8891243866394
Andorra,AND,GDP per capita (constant 2005 US$),NY.GDP.PCAP.KD,40801.5421300322,48831.9293599384,39736.3540626699,41765.9203531235,42958.558392534
Andorra,AND,"Inflation, consumer prices (annual %)",FP.CPI.TOTL.ZG,..,..,..,..,..
Angola,AGO,GDP growth (annual %),NY.GDP.MKTP.KD.ZG,3.05462423372167,20.9070270373719,3.45287464846986,2.99974749314353,-0.813494095515892
Angola,AGO,GDP per capita (constant 2005 US$),NY.GDP.PCAP.KD,1720.41165371853,2387.8254144866,3531.41687831962,3729.0035408607,3576.18689373314
Angola,AGO,"Inflation, consumer prices (annual %)",FP.CPI.TOTL.ZG,324.9968716,22.96374444,14.4705412,10.27932672,34.7361593
Antigua and Barbuda,ATG,GDP growth (annual %),NY.GDP.MKTP.KD.ZG,6.69174238194239,6.41240516399535,-7.20002446135504,4.06021896269833,5.34247943486722
Antigua and Barbuda,ATG,GDP per capita (constant 2005 US$),NY.GDP.PCAP.KD,11981.9163616222,12857.1643042881,12174.6978594572,12771.7675773519,13315.5086311154
Antigua and Barbuda,ATG,"Inflation, consumer prices (annual %)",FP.CPI.TOTL.ZG,0.771779797,2.098751967,3.370025402,0.968993459,-0.489437796
Arab World,ARB,GDP growth (annual %),NY.GDP.MKTP.KD.ZG,5.35779607433535,5.7224550587823,4.74892497911385,3.27754176670597,3.00469468291831
Arab World,ARB,GDP per capita (constant 2005 US$),NY.GDP.PCAP.KD,4818.58973540655,5382.99374953016,5917.24572387373,6389.31394480027,6449.36504919855
Arab World,ARB,"Inflation, consumer prices (annual %)",FP.CPI.TOTL.ZG,1.8537903535,3.493685346,3.950078759,1.696950405,2.76846605
Argentina,ARG,GDP growth (annual %),NY.GDP.MKTP.KD.ZG,-0.78899893905691,8.85165992013435,10.1253981561002,2.73115982828946,-1.82254217028903
Argentina,ARG,GDP per capita (constant 2005 US$),NY.GDP.PCAP.KD,8182.68650230868,8522.52273238782,10276.2604977053,10498.5925297592,10206.2495504416
Argentina,ARG,"Inflation, consumer prices (annual %)",FP.CPI.TOTL.ZG,-0.935939412,9.639399546,10.78011543,..,..
Armenia,ARM,GDP growth (annual %),NY.GDP.MKTP.KD.ZG,5.89999999860015,13.8657112535004,2.1999999991457,3.20000000212642,0.199999997770945
Armenia,ARM,GDP per capita (constant 2005 US$),NY.GDP.PCAP.KD,1404.32146204631,2571.98575552046,3218.38165488465,3935.28877242969,3932.55461733401
Armenia,ARM,"Inflation, consumer prices (annual %)",FP.CPI.TOTL.ZG,-0.790883769,0.642343268,8.181575544,3.726586028,-1.271210454
Aruba,ABW,GDP growth (annual %),NY.GDP.MKTP.KD.ZG,-0.364695778713454,0.380390971382511,..,..,..
Aruba,ABW,GDP per capita (constant 2005 US$),NY.GDP.PCAP.KD,..,..,24271.9404205267,..,..
Aruba,ABW,"Inflation, consumer prices (annual %)",FP.CPI.TOTL.ZG,4.044021312,3.395625246,2.07773902,0.476485008,-0.893020019
Australia,AUS,GDP growth (annual %),NY.GDP.MKTP.KD.ZG,3.94318908229896,3.19031634041626,2.05294200395332,2.35113644074406,2.82731051096303
Australia,AUS,GDP per capita (constant 2005 US$),NY.GDP.PCAP.KD,44313.3182274174,48760.3551692531,51936.8887116461,55017.2480239931,55731.4955736202
Australia,AUS,"Inflation, consumer prices (annual %)",FP.CPI.TOTL.ZG,4.475183076,2.668732782,2.845225682,1.508366722,1.276990945
Austria,AUT,GDP growth (annual %),NY.GDP.MKTP.KD.ZG,3.37572197324998,2.24406681223554,1.83709459152502,1.09185423166194,1.45091543821485
Austria,AUT,GDP per capita (constant 2005 US$),NY.GDP.PCAP.KD,42001.2111626726,44637.8564124514,46858.0432733717,47905.5431541607,48077.8783610298
Austria,AUT,"Inflation, consumer prices (annual %)",FP.CPI.TOTL.ZG,2.395185512,2.304765879,1.813535031,0.896567005,0.891590693
Azerbaijan,AZE,GDP growth (annual %),NY.GDP.MKTP.KD.ZG,11.0999992535406,26.4000008082431,4.85433932383958,1.0999998090951,-3.10000020204575
Azerbaijan,AZE,GDP per capita (constant 2005 US$),NY.GDP.PCAP.KD,1633.3944354131,2949.44281843844,5842.80578358576,6117.03086236702,5861.51196206606
Azerbaijan,AZE,"Inflation, consumer prices (annual %)",FP.CPI.TOTL.ZG,1.805003038,9.679507327,5.667923129,4.171965726,4.179993538
"Bahamas, The",BHS,GDP growth (annual %),NY.GDP.MKTP.KD.ZG,4.14924301720671,3.39535559727943,1.53877740677106,1.04495952423387,-1.68954985564559
"Bahamas, The",BHS,GDP per capita (constant 2005 US$),NY.GDP.PCAP.KD,31587.5910287405,31023.0472151871,27979.1149343739,27198.9076041403,26439.0536351685
"Bahamas, The",BHS,"Inflation, consumer prices (annual %)",FP.CPI.TOTL.ZG,1.606329417,1.591606181,1.344027384,1.870807743,-0.34637693
Bahrain,BHR,GDP growth (annual %),NY.GDP.MKTP.KD.ZG,5.29999479407712,6.768939708829,4.33440708785902,2.86196782508222,3.21593363864166
Bahrain,BHR,GDP per capita (constant 2005 US$),NY.GDP.PCAP.KD,22955.0934939164,22066.0711292424,20722.1038895508,22436.2075318381,22291.4042492524
Bahrain,BHR,"Inflation, consumer prices (annual %)",FP.CPI.TOTL.ZG,-0.704852953,2.586206897,1.961884683,1.835993697,2.798520013
Bangladesh,BGD,GDP growth (annual %),NY.GDP.MKTP.KD.ZG,5.2932947184604,6.53594494052352,5.57180227396866,6.55263331602802,7.11346522765494
Bangladesh,BGD,GDP per capita (constant 2005 US$),NY.GDP.PCAP.KD,509.293434722413,598.617425921471,757.671757176894,971.641988030431,1029.57797933458
Bangladesh,BGD,"Inflation, consumer prices (annual %)",FP.CPI.TOTL.ZG,2.208256209,7.046618162,8.126676392,6.19428023,5.513525727
Barbados,BRB,GDP growth (annual %),NY.GDP.MKTP.KD.ZG,2.29999999999981,3.99999999999989,0.300000000000452,0.900000000000389,1.99999999999972
Barbados,BRB,GDP per capita (constant 2005 US$),NY.GDP.PCAP.KD,15035.4473972214,15700.0726444958,15959.0297922874,15998.0488021541,16273.4065921271
Barbados,BRB,"Inflation, consumer prices (annual %)",FP.CPI.TOTL.ZG,2.435813035,6.082187295,5.824218533,-1.061216469,..
Belarus,BLR,GDP growth (annual %),NY.GDP.MKTP.KD.ZG,5.80000349817178,9.40000166844635,7.79369790497849,-3.82956936585582,-2.52645060629638
Belarus,BLR,GDP per capita (constant 2005 US$),NY.GDP.PCAP.KD,2808.69399564789,4164.36201252728,6029.3967998293,6398.68973515141,6229.20674452567
Belarus,BLR,"Inflation, consumer prices (annual %)",FP.CPI.TOTL.ZG,168.6202359,10.33887946,7.735748043,13.53448976,11.83658077
Belgium,BEL,GDP growth (annual %),NY.GDP.MKTP.KD.ZG,3.63365201492995,2.09427270847185,2.74421327182894,1.42695680945808,1.41229201545339
Belgium,BEL,GDP per capita (constant 2005 US$),NY.GDP.PCAP.KD,40170.4189271218,42994.3636536563,44380.1766327308,45052.3653466121,45457.8993419591
Belgium,BEL,"Inflation, consumer prices (annual %)",FP.CPI.TOTL.ZG,2.54463963,2.784303489,2.189218922,0.558102452,1.972249752
Belize,BLZ,GDP growth (annual %),NY.GDP.MKTP.KD.ZG,13.0387621268347,2.57874203064038,3.32444221967359,3.79499195517916,-0.486536511492986
Belize,BLZ,GDP per capita (constant 2005 US$),NY.GDP.PCAP.KD,3838.89248817263,4342.12889141106,4344.15017661252,4482.4966466489,4367.49987563697
Belize,BLZ,"Inflation, consumer prices (annual %)",FP.CPI.TOTL.ZG,3.067439669,-1.104310444,0.917977379,-0.885281552,..
Benin,BEN,GDP growth (annual %),NY.GDP.MKTP.KD.ZG,5.85999210110583,1.71157762807459,2.11019929660023,2.0958083832335,3.96485991037314
Benin,BEN,GDP per capita (constant 2005 US$),NY.GDP.PCAP.KD,694.243748862815,723.19995937719,757.695907409377,827.835457935714,837.199037667056
Benin,BEN,"Inflation, consumer prices (annual %)",FP.CPI.TOTL.ZG,4.165404423,5.364520858,2.307356822,0.320398718,-0.93003312
Bermuda,BMU,GDP growth (annual %),NY.GDP.MKTP.KD.ZG,9.31715557653585,1.67420714931701,-2.09411353414293,..,..
Bermuda,BMU,GDP per capita (constant 2005 US$),NY.GDP.PCAP.KD,79988.3500115683,87616.3859691804,88207.3275597322,..,..
Bermuda,BMU,"Inflation, consumer prices (annual %)",FP.CPI.TOTL.ZG,..,..,..,..,..
Bhutan,BTN,GDP growth (annual %),NY.GDP.MKTP.KD.ZG,6.93302423977509,7.12255964997142,11.7308543603364,6.59744848588674,7.99070541132045
Bhutan,BTN,GDP per capita (constant 2005 US$),NY.GDP.PCAP.KD,1201.10578545411,1534.82074531128,2178.92138307967,2628.18961406612,2801.27524003561
Bhutan,BTN,"Inflation, consumer prices (annual %)",FP.CPI.TOTL.ZG,4.01099373,5.311513063,7.036383161,4.521708543,4.377452663
Bolivia,BOL,GDP growth (annual %),NY.GDP.MKTP.KD.ZG,2.50780755336397,4.42143476697063,4.12672256468305,4.857187894912,4.26391940393987
Bolivia,BOL,GDP per capita (constant 2005 US$),NY.GDP.PCAP.KD,1616.53915607643,1720.09903188343,1981.16070450437,2392.98397316016,2457.62596155017
Bolivia,BOL,"Inflation, consumer prices (annual %)",FP.CPI.TOTL.ZG,4.608229989,5.393231069,2.501767027,4.060963726,3.625239368
Bosnia and Herzegovina,BIH,GDP growth (annual %),NY.GDP.MKTP.KD.ZG,5.50000043583101,8.75823033528202,0.867983229916121,3.07674732008853,3.14407738358227
Bosnia and Herzegovina,BIH,GDP per capita (constant 2005 US$),NY.GDP.PCAP.KD,3002.82084105655,3946.05667880525,4614.8290411405,5190.29377671129,5382.62414642085
Bosnia and Herzegovina,BIH,"Inflation, consumer prices (annual %)",FP.CPI.TOTL.ZG,..,..,2.188537852,-0.851300819,-1.251444391
Botswana,BWA,GDP growth (annual %),NY.GDP.MKTP.KD.ZG,1.98769585438754,4.55664565732843,8.56363174773267,-1.69793059199191,4.31550626955971
Botswana,BWA,GDP per capita (constant 2005 US$),NY.GDP.PCAP.KD,4954.77428993194,5512.81122938706,6346.15620387349,7308.76062059972,7485.04391177323
Botswana,BWA,"Inflation, consumer prices (annual %)",FP.CPI.TOTL.ZG,8.601485149,8.610225285,6.948876587,3.060357042,3.769304598
Brazil,BRA,GDP growth (annual %),NY.GDP.MKTP.KD.ZG,4.11248423957215,3.19646411192973,7.54179863570165,-3.54976724660112,-3.46816285562616
Brazil,BRA,GDP per capita (constant 2005 US$),NY.GDP.PCAP.KD,8779.29079876563,9495.48465039729,11224.1540829355,11351.5657481703,10868.6534435352
Brazil,BRA,"Inflation, consumer prices (annual %)",FP.CPI.TOTL.ZG,7.044702451,6.86734958,5.038316946,9.027601288,8.739478523
British Virgin Islands,VGB,GDP growth (annual %),NY.GDP.MKTP.KD.ZG,..,..,..,..,..
British Virgin Islands,VGB,GDP per capita (constant 2005 US$),NY.GDP.PCAP.KD,..,..,..,..,..
British Virgin Islands,VGB,"Inflation, consumer prices (annual %)",FP.CPI.TOTL.ZG,..,..,..,..,..
Brunei Darussalam,BRN,GDP growth (annual %),NY.GDP.MKTP.KD.ZG,2.84942185782728,0.38750720823208,2.59896574643226,-0.566814608844453,-2.46551470989569
Brunei Darussalam,BRN,GDP per capita (constant 2005 US$),NY.GDP.PCAP.KD,35923.4018274107,36325.1207263069,35268.1011703581,32661.8570180811,31430.9626624001
Brunei Darussalam,BRN,"Inflation, consumer prices (annual %)",FP.CPI.TOTL.ZG,1.558152476,1.244437119,0.356869132,-0.423925668,-0.732323022
Bulgaria,BGR,GDP growth (annual %),NY.GDP.MKTP.KD.ZG,4.94055377635733,7.12351107638302,1.32408780093829,3.61745961453299,3.94109784363204
Bulgaria,BGR,GDP per capita (constant 2005 US$),NY.GDP.PCAP.KD,3955.27580157865,5561.16384273605,6843.26694975885,7612.02236422436,7967.70816911052
Bulgaria,BGR,"Inflation, consumer prices (annual %)",FP.CPI.TOTL.ZG,10.3162598,5.038843534,2.438990605,-0.104872333,-0.79852306
Burkina Faso,BFA,GDP growth (annual %),NY.GDP.MKTP.KD.ZG,1.82024189276156,8.66186160516736,5.37337312603059,3.894548056942,5.92457756137202
Burkina Faso,BFA,GDP per capita (constant 2005 US$),NY.GDP.PCAP.KD,434.763330444212,511.967590461138,575.446452687734,645.369860580495,663.961762877322
Burkina Faso,BFA,"Inflation, consumer prices (annual %)",FP.CPI.TOTL.ZG,-0.304212168,6.415040184,-0.764230735,0.954993317,-0.247073221
Burundi,BDI,GDP growth (annual %),NY.GDP.MKTP.KD.ZG,-0.856864059223554,0.900000002864005,3.78590254312172,-3.92114275053206,-0.570434450658766
Burundi,BDI,GDP per capita (constant 2005 US$),NY.GDP.PCAP.KD,228.247568715153,219.186550201302,231.194325649216,226.528058204677,218.28352838019
Burundi,BDI,"Inflation, consumer prices (annual %)",FP.CPI.TOTL.ZG,24.31768096,13.52367836,6.401249024,5.554204168,5.538485174
Cabo Verde,CPV,GDP growth (annual %),NY.GDP.MKTP.KD.ZG,14.2848688321225,6.91245798811823,1.46679009706938,1.00686372759751,3.81747042782273
Cabo Verde,CPV,GDP per capita (constant 2005 US$),NY.GDP.PCAP.KD,2179.98480656933,2639.38263767138,3312.82598480901,3362.20996800003,3447.56007669879
Cabo Verde,CPV,"Inflation, consumer prices (annual %)",FP.CPI.TOTL.ZG,-2.477456685,0.418891613,2.078664709,0.132579722,-1.407665505
Cambodia,KHM,GDP growth (annual %),NY.GDP.MKTP.KD.ZG,10.7119948019697,13.2500869136436,5.96307857538696,7.03608717929632,6.95309439613069
Cambodia,KHM,GDP per capita (constant 2005 US$),NY.GDP.PCAP.KD,431.30465849268,613.279009897521,785.692884137826,1024.87234257436,1079.1135407797
Cambodia,KHM,"Inflation, consumer prices (annual %)",FP.CPI.TOTL.ZG,-0.791992529,6.349255065,3.99623008,1.221270061,3.021957401
Cameroon,CMR,GDP growth (annual %),NY.GDP.MKTP.KD.ZG,3.55337436416127,2.02066230714679,3.4225076411544,5.6514637436283,4.45045326629905
Cameroon,CMR,GDP per capita (constant 2005 US$),NY.GDP.PCAP.KD,1163.43141018675,1264.15439961956,1309.12220801948,1469.6377414656,1495.44336202907
Cameroon,CMR,"Inflation, consumer prices (annual %)",FP.CPI.TOTL.ZG,1.22719013,2.013539502,1.275380462,2.685982772,0.8657672
Canada,CAN,GDP growth (annual %),NY.GDP.MKTP.KD.ZG,5.18269028580526,3.20138213653979,3.08351421988722,1.00088249407992,1.41410274557691
Canada,CAN,GDP per capita (constant 2005 US$),NY.GDP.PCAP.KD,43638.2831548145,47181.5623940446,47447.4760241936,50303.8368476727,50407.3413301242
Canada,CAN,"Inflation, consumer prices (annual %)",FP.CPI.TOTL.ZG,2.719439957,2.213552034,1.776871541,1.125241361,1.428759547
Cayman Islands,CYM,GDP growth (annual %),NY.GDP.MKTP.KD.ZG,..,..,..,..,..
Cayman Islands,CYM,GDP per capita (constant 2005 US$),NY.GDP.PCAP.KD,..,..,..,..,..
Cayman Islands,CYM,"Inflation, consumer prices (annual %)",FP.CPI.TOTL.ZG,..,..,..,..,..
Central African Republic,CAF,GDP growth (annual %),NY.GDP.MKTP.KD.ZG,-2.48943244028874,0.908210514871953,3.04663473280731,4.79988608115663,4.53128596327306
Central African Republic,CAF,GDP per capita (constant 2005 US$),NY.GDP.PCAP.KD,411.938394336566,410.415055276018,446.443687795492,314.926685576165,325.720465732059
Central African Republic,CAF,"Inflation, consumer prices (annual %)",FP.CPI.TOTL.ZG,3.203400916,2.883520734,1.493233784,37.14221481,..
Chad,TCD,GDP growth (annual %),NY.GDP.MKTP.KD.ZG,-0.879681025444839,17.3325337350837,13.550100859549,2.7676756848447,-6.25552708545281
Chad,TCD,GDP per capita (constant 2005 US$),NY.GDP.PCAP.KD,462.5285997774,835.195541663453,896.569734113861,962.655922565098,874.767072140967
Chad,TCD,"Inflation, consumer prices (annual %)",FP.CPI.TOTL.ZG,3.822600881,7.890365675,-2.077865746,3.669900434,..
Channel Islands,CHI,GDP growth (annual %),NY.GDP.MKTP.KD.ZG,5.82664146877514,1.37773415696212,..,..,..
Channel Islands,CHI,GDP per capita (constant 2005 US$),NY.GDP.PCAP.KD,..,..,..,..,..
Channel Islands,CHI,"Inflation, consumer prices (annual %)",FP.CPI.TOTL.ZG,..,..,..,..,..
Chile,CHL,GDP growth (annual %),NY.GDP.MKTP.KD.ZG,5.32693841912362,5.74283048945117,5.84417729578996,2.30525713839252,1.26586760300135
Chile,CHL,GDP per capita (constant 2005 US$),NY.GDP.PCAP.KD,9469.11046762055,11249.8679032326,12860.1776447469,14893.8806507667,14958.5622484938
Chile,CHL,"Inflation, consumer prices (annual %)",FP.CPI.TOTL.ZG,3.843273473,3.052573943,1.409964751,4.348867283,3.786661771
China,CHN,GDP growth (annual %),NY.GDP.MKTP.KD.ZG,8.49150849150834,11.3957759412304,10.6361404632298,6.90020481672437,6.69999999999993
China,CHN,GDP per capita (constant 2005 US$),NY.GDP.PCAP.KD,1771.74150579539,2738.2054599526,4560.51258600929,6496.62401255517,6894.46452231334
China,CHN,"Inflation, consumer prices (annual %)",FP.CPI.TOTL.ZG,0.256518286,1.813995156,3.325774987,1.437024514,2
Colombia,COL,GDP growth (annual %),NY.GDP.MKTP.KD.ZG,4.41999299958138,4.70655593383118,3.97180070473753,3.05201657329961,2.04305973323898
Colombia,COL,GDP per capita (constant 2005 US$),NY.GDP.PCAP.KD,4764.16774696836,5312.08235162603,6250.65504429614,7446.18240080804,7531.98257835885
Colombia,COL,"Inflation, consumer prices (annual %)",FP.CPI.TOTL.ZG,9.221133432,5.048116153,2.278220158,5.005030657,7.517452808
Comoros,COM,GDP growth (annual %),NY.GDP.MKTP.KD.ZG,10.8480749512697,2.8374077642229,2.19999998173273,1.01511845919811,2.20000002289547
Comoros,COM,GDP per capita (constant 2005 US$),NY.GDP.PCAP.KD,806.429473279958,801.333459920949,769.174288260466,769.477377970679,768.438960248231
Comoros,COM,"Inflation, consumer prices (annual %)",FP.CPI.TOTL.ZG,..,3.013323951,3.354757703,-8.11516927,..
"Congo, Dem. Rep.",COD,GDP growth (annual %),NY.GDP.MKTP.KD.ZG,-6.91092731652098,6.13515115548975,7.10797657621967,6.91618781038352,2.39937909800997
"Congo, Dem. Rep.",COD,GDP per capita (constant 2005 US$),NY.GDP.PCAP.KD,290.167693511079,300.75144530455,334.23173941161,411.279136004484,407.563714233201
"Congo, Dem. Rep.",COD,"Inflation, consumer prices (annual %)",FP.CPI.TOTL.ZG,513.9068437,21.31681672,7.1,..,..
"Congo, Rep.",COG,GDP growth (annual %),NY.GDP.MKTP.KD.ZG,7.57598039215684,7.75575897797003,8.75160145933471,2.64648587686472,-2.80001878768313
"Congo, Rep.",COG,GDP per capita (constant 2005 US$),NY.GDP.PCAP.KD,2364.6129178485,2503.31205460566,2737.34233022991,2925.5277484266,2771.39734452277
"Congo, Rep.",COG,"Inflation, consumer prices (annual %)",FP.CPI.TOTL.ZG,-0.881991517,3.094490115,0.425560659,4.514036066,..
Costa Rica,CRI,GDP growth (annual %),NY.GDP.MKTP.KD.ZG,3.73453301020578,3.8708730663126,4.95186384401947,3.63169098917145,4.15636150701233
Costa Rica,CRI,GDP per capita (constant 2005 US$),NY.GDP.PCAP.KD,6230.47948913607,6954.0392055861,8199.41462068027,9296.00210687584,9583.86088930956
Costa Rica,CRI,"Inflation, consumer prices (annual %)",FP.CPI.TOTL.ZG,10.99252429,13.79797528,5.660230651,0.79668498,-0.004186378
Cote d'Ivoire,CIV,GDP growth (annual %),NY.GDP.MKTP.KD.ZG,-2.06840005678232,1.72124736731733,2.01763859205302,8.84286544168236,8.34211309645272
Cote d'Ivoire,CIV,GDP per capita (constant 2005 US$),NY.GDP.PCAP.KD,1336.4296095336,1216.20847120489,1219.74909551521,1469.7301783458,1552.86101319083
Cote d'Ivoire,CIV,"Inflation, consumer prices (annual %)",FP.CPI.TOTL.ZG,2.530775167,3.885830399,1.226456121,1.237443262,0.726187589
Croatia,HRV,GDP growth (annual %),NY.GDP.MKTP.KD.ZG,3.75652268710564,4.16370179629678,-1.42044132368349,2.34734962654298,3.16541782424224
Croatia,HRV,GDP per capita (constant 2005 US$),NY.GDP.PCAP.KD,10569.0269695344,13119.7821603407,13542.9018302826,14088.075100021,14635.880009797
Croatia,HRV,"Inflation, consumer prices (annual %)",FP.CPI.TOTL.ZG,4.611315547,3.317178244,1.030555053,-0.464499005,-1.1
Cuba,CUB,GDP growth (annual %),NY.GDP.MKTP.KD.ZG,5.91476001879718,11.201656556128,2.39035229650723,4.4383335888395,..
Cuba,CUB,GDP per capita (constant 2005 US$),NY.GDP.PCAP.KD,3473.24349386215,4385.00248434951,5676.14140269906,6444.98011316934,..
Cuba,CUB,"Inflation, consumer prices (annual %)",FP.CPI.TOTL.ZG,..,..,..,..,..
Curacao,CUW,GDP growth (annual %),NY.GDP.MKTP.KD.ZG,..,..,..,..,..
Curacao,CUW,GDP per capita (constant 2005 US$),NY.GDP.PCAP.KD,..,..,..,..,..
Curacao,CUW,"Inflation, consumer prices (annual %)",FP.CPI.TOTL.ZG,..,..,..,..,..
Cyprus,CYP,GDP growth (annual %),NY.GDP.MKTP.KD.ZG,5.7244017376602,3.72431772568329,1.31777780421926,1.979063590438,3.39678770236453
Cyprus,CYP,GDP per capita (constant 2005 US$),NY.GDP.PCAP.KD,27317.8036921889,30565.7818003826,30818.4639574235,27738.503250141,28448.8223566393
Cyprus,CYP,"Inflation, consumer prices (annual %)",FP.CPI.TOTL.ZG,4.141657647,2.558451986,2.381258363,-2.096997691,-1.429166667
Czech Republic,CZE,GDP growth (annual %),NY.GDP.MKTP.KD.ZG,4.26674135714225,6.53346880592036,2.27342005165725,5.30923851909814,2.593326020384
Czech Republic,CZE,GDP per capita (constant 2005 US$),NY.GDP.PCAP.KD,14806.5834697881,18011.386698787,19808.0710912518,21381.703080832,21894.1126524738
Czech Republic,CZE,"Inflation, consumer prices (annual %)",FP.CPI.TOTL.ZG,3.902835019,1.846170702,1.408717924,0.344782438,0.639352818
Denmark,DNK,GDP growth (annual %),NY.GDP.MKTP.KD.ZG,3.74690021235362,2.33666449082062,1.87099263866214,1.60660899433877,1.96407712946747
Denmark,DNK,GDP per capita (constant 2005 US$),NY.GDP.PCAP.KD,55850.6364296358,58792.6713818243,58041.4112245601,59967.742823222,60670.2372143145
Denmark,DNK,"Inflation, consumer prices (annual %)",FP.CPI.TOTL.ZG,2.924779141,1.808805419,2.297730121,0.452034154,0.25
Djibouti,DJI,GDP growth (annual %),NY.GDP.MKTP.KD.ZG,..,..,..,9.68379811648174,8.72226006105292
Djibouti,DJI,GDP per capita (constant 2005 US$),NY.GDP.PCAP.KD,..,..,1325.99072352076,..,..
Djibouti,DJI,"Inflation, consumer prices (annual %)",FP.CPI.TOTL.ZG,..,3.104966401,3.950078759,-0.847389734,2.738412087
Dominica,DMA,GDP growth (annual %),NY.GDP.MKTP.KD.ZG,0.375310954197673,-0.0882423765572611,0.67254275850172,-2.54373467893738,2.63845055605651
Dominica,DMA,GDP per capita (constant 2005 US$),NY.GDP.PCAP.KD,5541.34678414006,5994.70186791627,6912.43571398947,6738.66124472604,6880.62579537622
Dominica,DMA,"Inflation, consumer prices (annual %)",FP.CPI.TOTL.ZG,0.856946805,1.681900799,3.20744344,-0.786338877,0.231336293
Dominican Republic,DOM,GDP growth (annual %),NY.GDP.MKTP.KD.ZG,4.6617622800146,9.4282369467968,8.33965105962218,7.03337106918114,6.61220822292972
Dominican Republic,DOM,GDP per capita (constant 2005 US$),NY.GDP.PCAP.KD,4017.43116900421,4414.81208536401,5453.92686069139,6562.76709405155,6917.60494356192
Dominican Republic,DOM,"Inflation, consumer prices (annual %)",FP.CPI.TOTL.ZG,7.724135662,4.190202605,6.329932201,0.836746347,1.614166072
East Asia & Pacific,EAS,GDP growth (annual %),NY.GDP.MKTP.KD.ZG,4.88257071634133,5.04994484762629,7.06536606176546,4.16457268009476,4.10556347751199
East Asia & Pacific,EAS,GDP per capita (constant 2005 US$),NY.GDP.PCAP.KD,5350.87274263575,6295.72767999954,7676.51919632752,9233.88193364678,9547.66936367085
East Asia & Pacific,EAS,"Inflation, consumer prices (annual %)",FP.CPI.TOTL.ZG,1.5750608255,2.960865088,3.247588424,1.276227705,1.638072033
East Asia & Pacific (excluding high income),EAP,GDP growth (annual %),NY.GDP.MKTP.KD.ZG,7.5061415805703,9.71775227474548,9.77805182760554,6.49287359430761,6.33261349692845
East Asia & Pacific (excluding high income),EAP,GDP per capita (constant 2005 US$),NY.GDP.PCAP.KD,1821.96748525578,2610.67446973243,4008.9104583938,5495.10920266258,5800.72556103117
East Asia & Pacific (excluding high income),EAP,"Inflation, consumer prices (annual %)",FP.CPI.TOTL.ZG,2.0271403665,6.349255065,3.789836348,1.370823273,2.063829787
Ecuador,ECU,GDP growth (annual %),NY.GDP.MKTP.KD.ZG,1.09180156435758,5.29130826699402,3.52529866894027,0.0988726083462836,-1.57637918304918
Ecuador,ECU,GDP per capita (constant 2005 US$),NY.GDP.PCAP.KD,3678.90231648583,4286.51524651782,4657.3023611471,5352.87645717309,5191.09956048467
Ecuador,ECU,"Inflation, consumer prices (annual %)",FP.CPI.TOTL.ZG,96.09411369,2.407769783,3.556123806,3.970219159,1.724430236
"Egypt, Arab Rep.",EGY,GDP growth (annual %),NY.GDP.MKTP.KD.ZG,5.36799767240983,4.47896016350869,5.14510637007493,4.37201907790143,4.34664345555436
"Egypt, Arab Rep.",EGY,GDP per capita (constant 2005 US$),NY.GDP.PCAP.KD,1950.60698229459,2112.48796951889,2602.47954869567,2665.35161379275,2725.67573301412
"Egypt, Arab Rep.",EGY,"Inflation, consumer prices (annual %)",FP.CPI.TOTL.ZG,2.683805353,4.869396969,11.26518827,10.35748965,13.81463839
El Salvador,SLV,GDP growth (annual %),NY.GDP.MKTP.KD.ZG,1.126057050299,2.7074677675286,2.10621312325597,2.37762895455052,2.58057736631731
El Salvador,SLV,GDP per capita (constant 2005 US$),NY.GDP.PCAP.KD,2686.42534344992,2819.5896783932,2992.54527363055,3333.9462109483,3402.60086125708
El Salvador,SLV,"Inflation, consumer prices (annual %)",FP.CPI.TOTL.ZG,2.271287568,4.690948709,0.907806937,-0.73063367,0.603938659
Equatorial Guinea,GNQ,GDP growth (annual %),NY.GDP.MKTP.KD.ZG,18.2137799569674,16.7487006053541,-8.92417588851806,-9.08905879341432,-8.57588213036557
Equatorial Guinea,GNQ,GDP per capita (constant 2005 US$),NY.GDP.PCAP.KD,5484.30083211726,15941.6469781702,17136.4456757583,14001.5991259087,12317.714226203
Equatorial Guinea,GNQ,"Inflation, consumer prices (annual %)",FP.CPI.TOTL.ZG,4.802288869,5.631633514,7.78916548,1.668163737,1.419916698
Eritrea,ERI,GDP growth (annual %),NY.GDP.MKTP.KD.ZG,-3.14198577404406,2.57444953025514,2.19419054483319,..,..
Eritrea,ERI,GDP per capita (constant 2005 US$),NY.GDP.PCAP.KD,571.603230594319,554.488199426537,482.1490904235,..,..
Eritrea,ERI,"Inflation, consumer prices (annual %)",FP.CPI.TOTL.ZG,..,..,..,..,..
Estonia,EST,GDP growth (annual %),NY.GDP.MKTP.KD.ZG,10.5680749511053,9.37371145418146,2.25907589383118,1.67428662282916,2.06326278488234
Estonia,EST,GDP per capita (constant 2005 US$),NY.GDP.PCAP.KD,10108.2052912574,14681.2253747477,14638.6048173457,17733.9576552073,18094.587299874
Estonia,EST,"Inflation, consumer prices (annual %)",FP.CPI.TOTL.ZG,4.019980616,4.089689921,2.975580329,-0.456766653,0.149108978
Eswatini,SWZ,GDP growth (annual %),NY.GDP.MKTP.KD.ZG,1.76017376022224,5.99877654987924,3.79375496828149,0.391128860553607,1.36869407322355
Eswatini,SWZ,GDP per capita (constant 2005 US$),NY.GDP.PCAP.KD,2953.2323032543,3411.67334043328,3690.23922847955,3923.88968016935,3906.26187791264
Eswatini,SWZ,"Inflation, consumer prices (annual %)",FP.CPI.TOTL.ZG,12.20853585,4.774004046,4.509236918,4.954437553,7.84641182
Ethiopia,ETH,GDP growth (annual %),NY.GDP.MKTP.KD.ZG,6.07321749231046,11.8187659353249,12.5505383420508,10.3924630218107,7.56176669023149
Ethiopia,ETH,GDP per capita (constant 2005 US$),NY.GDP.PCAP.KD,196.504962197176,232.783200207957,341.309909200504,487.290010568135,511.187426515801
Ethiopia,ETH,"Inflation, consumer prices (annual %)",FP.CPI.TOTL.ZG,0.662458109,12.94487921,8.136941131,10.13411465,7.266076144
Euro area,EMU,GDP growth (annual %),NY.GDP.MKTP.KD.ZG,3.85859029278177,1.70287229663775,2.08470971903174,2.08550244648744,1.80097812417928
Euro area,EMU,GDP per capita (constant 2005 US$),NY.GDP.PCAP.KD,34916.6929271559,36845.664068598,37605.1459498044,38687.9874983038,39259.4231870821
Euro area,EMU,"Inflation, consumer prices (annual %)",FP.CPI.TOTL.ZG,2.846721116,2.489582068,1.529639382,0.037803733,0.183334861
Europe & Central Asia,ECS,GDP growth (annual %),NY.GDP.MKTP.KD.ZG,4.30062432825098,2.75862045028215,2.57786963333444,1.96812700591057,1.82272805225816
Europe & Central Asia,ECS,GDP per capita (constant 2005 US$),NY.GDP.PCAP.KD,20233.5395146226,22470.3586857403,23531.2014684677,24805.143373749,25139.2526508652
Europe & Central Asia,ECS,"Inflation, consumer prices (annual %)",FP.CPI.TOTL.ZG,3.902835019,2.600957461,2.3902580255,0.218021424,0.378856363
Europe & Central Asia (excluding high income),ECA,GDP growth (annual %),NY.GDP.MKTP.KD.ZG,8.01057876655564,7.13147531379246,5.16678850316899,0.566405765779749,1.50510237477053
Europe & Central Asia (excluding high income),ECA,GDP per capita (constant 2005 US$),NY.GDP.PCAP.KD,4891.3202474484,6554.78687612716,7756.54777848545,8897.77523166453,8977.83981005957
Europe & Central Asia (excluding high income),ECA,"Inflation, consumer prices (annual %)",FP.CPI.TOTL.ZG,18.70073428,8.247090431,6.419565094,4.003578207,1.282798834
European Union,EUU,GDP growth (annual %),NY.GDP.MKTP.KD.ZG,3.86506494522774,2.10888618673908,2.1006176641601,2.31611300682214,1.9570705949959
European Union,EUU,GDP per capita (constant 2005 US$),NY.GDP.PCAP.KD,30282.9995461505,32753.2934961158,33677.0026425097,35226.0351477095,35809.9547486789
European Union,EUU,"Inflation, consumer prices (annual %)",FP.CPI.TOTL.ZG,3.1567271685,2.483518232,1.669887361,-0.0585336105,0.2166674305
Faroe Islands,FRO,GDP growth (annual %),NY.GDP.MKTP.KD.ZG,..,..,..,..,..
Faroe Islands,FRO,GDP per capita (constant 2005 US$),NY.GDP.PCAP.KD,..,..,47397.9029229641,..,..
Faroe Islands,FRO,"Inflation, consumer prices (annual %)",FP.CPI.TOTL.ZG,..,..,..,..,..
Fiji,FJI,GDP growth (annual %),NY.GDP.MKTP.KD.ZG,-1.69999854029383,0.700000383048405,2.95467207375202,3.84440702339393,0.380003448395996
Fiji,FJI,GDP per capita (constant 2005 US$),NY.GDP.PCAP.KD,3315.06747465363,3689.06738165446,3651.96678405546,4211.05887799892,4195.96809601537
Fiji,FJI,"Inflation, consumer prices (annual %)",FP.CPI.TOTL.ZG,1.0921646,2.365764538,3.680014831,1.370823273,3.864771418
Finland,FIN,GDP growth (annual %),NY.GDP.MKTP.KD.ZG,5.63484745219101,2.77995503098056,2.99233750220186,0.135082255444829,2.13538181526189
Finland,FIN,GDP per capita (constant 2005 US$),NY.GDP.PCAP.KD,40450.3733748937,45353.2599997077,46202.4151628454,45151.5121556712,45983.3133332131
Finland,FIN,"Inflation, consumer prices (annual %)",FP.CPI.TOTL.ZG,3.367666887,0.861059229,1.210357625,-0.207164371,0.3569705
France,FRA,GDP growth (annual %),NY.GDP.MKTP.KD.ZG,3.87516225892932,1.60771381370549,1.96565737641497,1.06746164702885,1.18765038087423
France,FRA,GDP per capita (constant 2005 US$),NY.GDP.PCAP.KD,38460.6821008145,40252.4182186225,40638.33400426,41642.3104260915,41968.9815739992
France,FRA,"Inflation, consumer prices (annual %)",FP.CPI.TOTL.ZG,1.699411423,1.735587081,1.529639382,0.037803733,0.183334861
French Polynesia,PYF,GDP growth (annual %),NY.GDP.MKTP.KD.ZG,4.0000003434361,..,..,..,..
French Polynesia,PYF,GDP per capita (constant 2005 US$),NY.GDP.PCAP.KD,..,..,..,..,..
French Polynesia,PYF,"Inflation, consumer prices (annual %)",FP.CPI.TOTL.ZG,..,..,..,..,..
Gabon,GAB,GDP growth (annual %),NY.GDP.MKTP.KD.ZG,-1.88296639760897,2.6762115645117,7.08869205327534,3.87925759519121,2.08238031633867
Gabon,GAB,GDP per capita (constant 2005 US$),NY.GDP.PCAP.KD,10137.6955007931,9579.49343653475,8754.14223448139,9598.44125205238,9552.7835336818
Gabon,GAB,"Inflation, consumer prices (annual %)",FP.CPI.TOTL.ZG,0.504920026,3.708333333,1.461544027,-0.298498343,2.106707128
"Gambia, The",GMB,GDP growth (annual %),NY.GDP.MKTP.KD.ZG,5.50000017414997,-0.941675911734279,6.52629745205277,4.29999977289457,2.21633366332313
"Gambia, The",GMB,GDP per capita (constant 2005 US$),NY.GDP.PCAP.KD,530.102407227188,524.513949077243,562.483781687741,536.414127007992,531.919405879094
"Gambia, The",GMB,"Inflation, consumer prices (annual %)",FP.CPI.TOTL.ZG,0.844969567,4.838621775,5.048936576,6.808721148,7.220092431
Georgia,GEO,GDP growth (annual %),NY.GDP.MKTP.KD.ZG,1.83834178668729,9.59964080415956,6.24941821993656,2.88031850904102,2.848973396234
Georgia,GEO,GDP per capita (constant 2005 US$),NY.GDP.PCAP.KD,1436.87949686198,2158.09453289606,2964.47703373088,3973.21934830931,4083.99815844957
Georgia,GEO,"Inflation, consumer prices (annual %)",FP.CPI.TOTL.ZG,4.063962014,8.247090431,7.110178975,4.003578207,2.134927139
Germany,DEU,GDP growth (annual %),NY.GDP.MKTP.KD.ZG,2.96204536784524,0.70671394810023,4.07993330487069,1.74320539365993,1.94362542781317
Germany,DEU,GDP per capita (constant 2005 US$),NY.GDP.PCAP.KD,37998.4253119991,38969.3216980632,41785.556912554,45412.5568082313,45923.0075696152
Germany,DEU,"Inflation, consumer prices (annual %)",FP.CPI.TOTL.ZG,1.471334348,1.546910755,1.103808561,0.234429945,0.483355422
Ghana,GHA,GDP growth (annual %),NY.GDP.MKTP.KD.ZG,3.70000011463813,5.90000395288151,7.89971191216314,3.83704086423404,3.72190290450574
Ghana,GHA,GDP per capita (constant 2005 US$),NY.GDP.PCAP.KD,969.235543697795,1089.48179646328,1312.60755731025,1684.7275781517,1708.77991775341
Ghana,GHA,"Inflation, consumer prices (annual %)",FP.CPI.TOTL.ZG,25.19321937,15.11818572,10.70756812,17.1450737,17.47392384
Gibraltar,GIB,GDP growth (annual %),NY.GDP.MKTP.KD.ZG,..,..,..,..,..
Gibraltar,GIB,GDP per capita (constant 2005 US$),NY.GDP.PCAP.KD,..,..,..,..,..
Gibraltar,GIB,"Inflation, consumer prices (annual %)",FP.CPI.TOTL.ZG,..,..,..,..,..
Greece,GRC,GDP growth (annual %),NY.GDP.MKTP.KD.ZG,3.91977077200825,0.599142055474161,-5.4790371077553,-0.290902296942548,-0.24431474084669
Greece,GRC,GDP per capita (constant 2005 US$),NY.GDP.PCAP.KD,23275.4443060502,27698.5106148475,26917.7589787254,22648.7698813993,22687.6003260908
Greece,GRC,"Inflation, consumer prices (annual %)",FP.CPI.TOTL.ZG,3.166082521,3.54507305,4.712981576,-1.735902366,-0.825657581
Greenland,GRL,GDP growth (annual %),NY.GDP.MKTP.KD.ZG,7.10159688181619,4.83381832205589,1.73582505889665,0.310109150260132,7.66299889492275
Greenland,GRL,GDP per capita (constant 2005 US$),NY.GDP.PCAP.KD,32193.0025213682,37352.8925366913,43988.3324931946,46738.0622579051,50255.1169982346
Greenland,GRL,"Inflation, consumer prices (annual %)",FP.CPI.TOTL.ZG,..,..,..,..,..
Grenada,GRD,GDP growth (annual %),NY.GDP.MKTP.KD.ZG,4.88795213650562,13.2730638678244,-0.511266454370613,6.43796546053143,3.68378909298879
Grenada,GRD,GDP per capita (constant 2005 US$),NY.GDP.PCAP.KD,6359.78271479599,7837.35209468164,7365.6666592364,8406.77483120468,8676.33919559901
Grenada,GRD,"Inflation, consumer prices (annual %)",FP.CPI.TOTL.ZG,2.181818182,3.525018553,3.436509059,-0.62154377,1.721291783
Guam,GUM,GDP growth (annual %),NY.GDP.MKTP.KD.ZG,..,3.53546175273193,2.0916126333403,0.48477797168897,0.347356233114638
Guam,GUM,GDP per capita (constant 2005 US$),NY.GDP.PCAP.KD,..,30592.1607999249,30700.4340081784,32119.6520805371,32013.7693770213
Guam,GUM,"Inflation, consumer prices (annual %)",FP.CPI.TOTL.ZG,..,..,..,..,..
Guatemala,GTM,GDP growth (annual %),NY.GDP.MKTP.KD.ZG,3.60886874513247,3.26011104289705,2.86990289259394,4.14004435825474,3.09248795890571
Guatemala,GTM,GDP per capita (constant 2005 US$),NY.GDP.PCAP.KD,2554.78152752909,2638.29047019618,2825.52406953376,3069.04351844254,3100.98132478359
Guatemala,GTM,"Inflation, consumer prices (annual %)",FP.CPI.TOTL.ZG,5.977577347,9.108649857,3.859509098,2.388720328,4.448441999
Guinea,GIN,GDP growth (annual %),NY.GDP.MKTP.KD.ZG,2.50306056145635,2.99727256157516,4.82071541392241,3.81494988965694,10.4541058171845
Guinea,GIN,GDP per capita (constant 2005 US$),NY.GDP.PCAP.KD,584.851908391284,619.185501756157,647.803202894337,723.870308781183,779.911076147514
Guinea,GIN,"Inflation, consumer prices (annual %)",FP.CPI.TOTL.ZG,..,31.37330259,15.46198107,8.151969734,8.129877159
Guinea-Bissau,GNB,GDP growth (annual %),NY.GDP.MKTP.KD.ZG,5.42698736686771,4.26609893145407,4.61097090973794,6.13408294161364,6.26280564499115
Guinea-Bissau,GNB,GDP per capita (constant 2005 US$),NY.GDP.PCAP.KD,532.267639015212,522.489531198141,546.721668646992,564.729954904838,585.16830694295
Guinea-Bissau,GNB,"Inflation, consumer prices (annual %)",FP.CPI.TOTL.ZG,8.636320949,3.329199228,2.517851402,1.404608873,1.694338806
Guyana,GUY,GDP growth (annual %),NY.GDP.MKTP.KD.ZG,-1.37672751529253,-1.95691115555377,4.13844312103164,3.16240778720626,3.31613165474852
Guyana,GUY,GDP per capita (constant 2005 US$),NY.GDP.PCAP.KD,2354.53152754201,2446.65189486877,3044.94912901667,3684.92358504666,3783.54332759748
Guyana,GUY,"Inflation, consumer prices (annual %)",FP.CPI.TOTL.ZG,6.14854333,6.925543039,2.086666667,-0.95739682,0.738640603
Haiti,HTI,GDP growth (annual %),NY.GDP.MKTP.KD.ZG,0.870059794681438,1.80501122760435,-5.49779233727389,1.21121834315692,1.45270702675029
Haiti,HTI,GDP per capita (constant 2005 US$),NY.GDP.PCAP.KD,766.936719197245,688.702986877105,662.279518162433,728.063224553949,729.360457810966
Haiti,HTI,"Inflation, consumer prices (annual %)",FP.CPI.TOTL.ZG,13.70772152,15.72864619,5.696511023,9.016518813,13.83374255
Heavily indebted poor countries (HIPC),HPC,GDP growth (annual %),NY.GDP.MKTP.KD.ZG,2.77745397721564,6.13674453298316,5.68959714075594,5.08849160029938,4.52136635433256
Heavily indebted poor countries (HIPC),HPC,GDP per capita (constant 2005 US$),NY.GDP.PCAP.KD,590.448108449938,647.631588634644,744.27555427422,842.033809598539,856.323438139461
Heavily indebted poor countries (HIPC),HPC,"Inflation, consumer prices (annual %)",FP.CPI.TOTL.ZG,4.165404423,8.448726423,4.700549929,4.030032775,5.300786748
High income,HIC,GDP growth (annual %),NY.GDP.MKTP.KD.ZG,4.00264000851105,2.79182347059117,2.9887091083823,2.33828578179714,1.65634138602795
High income,HIC,GDP per capita (constant 2005 US$),NY.GDP.PCAP.KD,34786.0932412429,37522.6717095339,38137.942897612,40434.3469119773,40858.4213458207
High income,HIC,"Inflation, consumer prices (annual %)",FP.CPI.TOTL.ZG,2.54463963,2.489582068,2.0198118515,0.334308399,0.528651721
Honduras,HND,GDP growth (annual %),NY.GDP.MKTP.KD.ZG,5.74814817447076,6.05059922215976,3.73114034433009,3.84007997093951,3.75214890971107
Honduras,HND,GDP per capita (constant 2005 US$),NY.GDP.PCAP.KD,1620.05611297354,1799.49033173303,1932.85828999689,2102.37695924737,2144.86936715697
Honduras,HND,"Inflation, consumer prices (annual %)",FP.CPI.TOTL.ZG,11.04803493,8.809060748,4.700549929,3.15783118,2.724612233
"Hong Kong SAR, China",HKG,GDP growth (annual %),NY.GDP.MKTP.KD.ZG,7.66346803704403,7.38824572298446,6.76768259890679,2.38784571036929,2.16292329544639
"Hong Kong SAR, China",HKG,GDP per capita (constant 2005 US$),NY.GDP.PCAP.KD,23015.8882405574,27688.6984415576,32549.998231121,36260.5954574462,36816.1498608515
"Hong Kong SAR, China",HKG,"Inflation, consumer prices (annual %)",FP.CPI.TOTL.ZG,-3.685503686,0.826446281,2.25,2.968270215,2.385685885
Hungary,HUN,GDP growth (annual %),NY.GDP.MKTP.KD.ZG,4.20917993168027,4.38821517434067,0.682378151407548,3.36714517536103,2.21318749036379
Hungary,HUN,GDP per capita (constant 2005 US$),NY.GDP.PCAP.KD,10490.3503172185,13120.6202561212,13092.2337567695,14629.2350325735,14997.2005200975
Hungary,HUN,"Inflation, consumer prices (annual %)",FP.CPI.TOTL.ZG,9.780586324,3.550808314,4.881345076,-0.070282476,0.400742226
Iceland,ISL,GDP growth (annual %),NY.GDP.MKTP.KD.ZG,4.60299208852231,6.39052647523808,-3.60563698328531,4.31131780616309,7.48145023856483
Iceland,ISL,GDP per capita (constant 2005 US$),NY.GDP.PCAP.KD,36554.6575201805,42604.4541982866,41851.7354772988,46221.9325708441,48995.1685496011
Iceland,ISL,"Inflation, consumer prices (annual %)",FP.CPI.TOTL.ZG,5.11872936,4,5.393595958,1.631284916,1.694700967
India,IND,GDP growth (annual %),NY.GDP.MKTP.KD.ZG,3.84099115689808,9.28482461599893,10.2599630645545,8.15442502779908,7.11268609726157
India,IND,GDP per capita (constant 2005 US$),NY.GDP.PCAP.KD,762.313340806374,971.229760739349,1345.77015320926,1758.83777674579,1862.43044438379
India,IND,"Inflation, consumer prices (annual %)",FP.CPI.TOTL.ZG,4.009433962,4.246353323,11.99229692,4.906973441,4.941447235
Indonesia,IDN,GDP growth (annual %),NY.GDP.MKTP.KD.ZG,4.9200677470169,5.69257130383384,6.22385418062366,4.87632230022122,5.0332795915301
Indonesia,IDN,GDP per capita (constant 2005 US$),NY.GDP.PCAP.KD,2143.38989039205,2519.5098415279,3113.48063451433,3827.55077886415,3974.73166690467
Indonesia,IDN,"Inflation, consumer prices (annual %)",FP.CPI.TOTL.ZG,3.720024005,10.45195661,5.1327549,6.363121131,3.525805157
"Iran, Islamic Rep.",IRN,GDP growth (annual %),NY.GDP.MKTP.KD.ZG,5.85806659995897,3.18980408728842,5.79793830169434,-1.3206451197332,13.3962280659595
"Iran, Islamic Rep.",IRN,GDP per capita (constant 2005 US$),NY.GDP.PCAP.KD,4781.85082365608,5684.95750073277,6531.92742967867,6007.00489252089,6733.91249997748
"Iran, Islamic Rep.",IRN,"Inflation, consumer prices (annual %)",FP.CPI.TOTL.ZG,14.47675132,13.43311801,10.13714717,13.70579975,8.569717835
Iraq,IRQ,GDP growth (annual %),NY.GDP.MKTP.KD.ZG,1.40647473483672,4.40061740918797,6.40256484471192,4.80000000000022,11.0000000000001
Iraq,IRQ,GDP per capita (constant 2005 US$),NY.GDP.PCAP.KD,4311.28131409038,3857.61040500793,4502.74904825726,5336.64828740669,5750.61136059944
Iraq,IRQ,"Inflation, consumer prices (annual %)",FP.CPI.TOTL.ZG,4.978962132,36.95948092,2.877747253,1.393330288,..
Ireland,IRL,GDP growth (annual %),NY.GDP.MKTP.KD.ZG,9.55988922297659,6.0063833022987,1.80167903335146,25.5572688460555,5.14146015448682
Ireland,IRL,GDP per capita (constant 2005 US$),NY.GDP.PCAP.KD,42945.2259221961,51527.3337185625,48671.8882936068,67229.1916860972,69892.3156470839
Ireland,IRL,"Inflation, consumer prices (annual %)",FP.CPI.TOTL.ZG,5.564830273,2.431540999,-0.946166395,-0.294599018,0
Isle of Man,IMN,GDP growth (annual %),NY.GDP.MKTP.KD.ZG,5.33836427855073,5.90000304613926,9.41588962684996,-3.39999999999999,..
Isle of Man,IMN,GDP per capita (constant 2005 US$),NY.GDP.PCAP.KD,43464.7077513431,54749.5178612427,73935.6789952084,84046.136016161,..
Isle of Man,IMN,"Inflation, consumer prices (annual %)",FP.CPI.TOTL.ZG,..,..,..,..,..
Israel,ISR,GDP growth (annual %),NY.GDP.MKTP.KD.ZG,8.16905176362968,4.13344637033724,5.22390392879242,3.03794389899012,4.09433559145762
Israel,ISR,GDP per capita (constant 2005 US$),NY.GDP.PCAP.KD,27636.340773557,27570.9455662904,30642.9406174863,32993.3142755677,33677.4619451632
Israel,ISR,"Inflation, consumer prices (annual %)",FP.CPI.TOTL.ZG,1.124841572,1.326600199,2.69295911,-0.633122293,-0.544936284
Italy,ITA,GDP growth (annual %),NY.GDP.MKTP.KD.ZG,3.71010658689261,0.949666257648659,1.68652340308921,0.951958871850962,0.858262630008326
Italy,ITA,GDP per capita (constant 2005 US$),NY.GDP.PCAP.KD,36180.7783332899,37238.9365291342,35849.3731979401,33968.7039603496,34318.4968180439
Italy,ITA,"Inflation, consumer prices (annual %)",FP.CPI.TOTL.ZG,2.519318302,1.999065857,1.539893392,0.03878675,-0.123335389
Jamaica,JAM,GDP growth (annual %),NY.GDP.MKTP.KD.ZG,0.87870354796236,0.893797935945003,-1.46629555101512,0.892651591979956,1.3735273605527
Jamaica,JAM,GDP per capita (constant 2005 US$),NY.GDP.PCAP.KD,4644.59689974399,4925.27738769192,4682.52124815387,4740.63823367243,4790.03910652627
Jamaica,JAM,"Inflation, consumer prices (annual %)",FP.CPI.TOTL.ZG,8.171083561,15.2960432,12.60950824,3.677171055,2.349420027
Japan,JPN,GDP growth (annual %),NY.GDP.MKTP.KD.ZG,2.7796328252636,1.66267040518831,4.1917392586067,1.35382311397998,0.938193886449625
Japan,JPN,GDP per capita (constant 2005 US$),NY.GDP.PCAP.KD,42169.7332837728,44393.6263842136,44507.6763859172,47163.4942109343,47660.8930390239
Japan,JPN,"Inflation, consumer prices (annual %)",FP.CPI.TOTL.ZG,-0.653015156,-0.282946069,-0.719979429,0.78951789,-0.116666667
Jordan,JOR,GDP growth (annual %),NY.GDP.MKTP.KD.ZG,4.24524741941372,8.1465832887706,2.31139247356904,2.39169597043312,2.00373364209914
Jordan,JOR,GDP per capita (constant 2005 US$),NY.GDP.PCAP.KD,2810.03514836385,3417.7301367205,3679.19027463278,3297.89441163032,3258.49324014107
Jordan,JOR,"Inflation, consumer prices (annual %)",FP.CPI.TOTL.ZG,0.666880926,3.493685346,5.013941643,-0.872897594,-0.787514318
Kazakhstan,KAZ,GDP growth (annual %),NY.GDP.MKTP.KD.ZG,9.80000000214159,9.69999999922682,7.30000000016202,1.19999999977745,1.09999999991015
Kazakhstan,KAZ,GDP per capita (constant 2005 US$),NY.GDP.PCAP.KD,4491.59182333064,7227.98294898919,9070.48825285747,10617.4746549668,10582.700871765
Kazakhstan,KAZ,"Inflation, consumer prices (annual %)",FP.CPI.TOTL.ZG,13.18089059,7.579999291,7.115813597,6.646187509,14.51024459
Kenya,KEN,GDP growth (annual %),NY.GDP.MKTP.KD.ZG,0.599695391613636,5.90666608168013,8.40569922421719,5.71850713133514,5.86919284911032
Kenya,KEN,GDP per capita (constant 2005 US$),NY.GDP.PCAP.KD,833.012452407748,868.90471168154,967.350454885973,1107.99301648379,1143.36440424737
Kenya,KEN,"Inflation, consumer prices (annual %)",FP.CPI.TOTL.ZG,9.980025154,10.31277836,3.961388891,6.582410917,6.297547502
Kiribati,KIR,GDP growth (annual %),NY.GDP.MKTP.KD.ZG,6.25,4.95163162646719,-1.60763921690855,10.2960336449597,1.14024725824106
Kiribati,KIR,GDP per capita (constant 2005 US$),NY.GDP.PCAP.KD,1730.81208299629,1704.1055741493,1493.16051003948,1696.46676627914,1685.99266872928
Kiribati,KIR,"Inflation, consumer prices (annual %)",FP.CPI.TOTL.ZG,..,..,..,..,..
"Korea, Dem. People’s Rep.",PRK,GDP growth (annual %),NY.GDP.MKTP.KD.ZG,..,..,..,..,..
"Korea, Dem. People’s Rep.",PRK,GDP per capita (constant 2005 US$),NY.GDP.PCAP.KD,..,..,..,..,..
"Korea, Dem. People’s Rep.",PRK,"Inflation, consumer prices (annual %)",FP.CPI.TOTL.ZG,..,..,..,..,..
"Korea, Rep.",KOR,GDP growth (annual %),NY.GDP.MKTP.KD.ZG,8.92442603420267,3.92367739233066,6.49679358555511,2.79023616714657,2.9293047947001
"Korea, Rep.",KOR,GDP per capita (constant 2005 US$),NY.GDP.PCAP.KD,15104.5215176462,18568.3628147064,22086.9529193201,24870.7708964387,25484.0375903163
"Korea, Rep.",KOR,"Inflation, consumer prices (annual %)",FP.CPI.TOTL.ZG,2.265333173,2.754090201,2.939181359,0.706962879,0.97
Kosovo,XKX,GDP growth (annual %),NY.GDP.MKTP.KD.ZG,..,6.03322974833188,3.30957483925633,4.09445453574099,4.06889614255508
Kosovo,XKX,GDP per capita (constant 2005 US$),NY.GDP.PCAP.KD,1919.83783261085,2781.73183747801,3283.21193843172,3802.04840036962,3925.37814754352
Kosovo,XKX,"Inflation, consumer prices (annual %)",FP.CPI.TOTL.ZG,..,-1.385189132,3.500819751,-0.538793103,0.300025002
Kuwait,KWT,GDP growth (annual %),NY.GDP.MKTP.KD.ZG,4.69458198753053,10.0759509920112,-2.36706194393776,0.593019617221231,3.54700508846648
Kuwait,KWT,GDP per capita (constant 2005 US$),NY.GDP.PCAP.KD,35792.7097863038,47847.8235910685,38497.6169579293,35053.5908361253,35250.9145753869
Kuwait,KWT,"Inflation, consumer prices (annual %)",FP.CPI.TOTL.ZG,1.812946139,4.142975836,4.496402878,3.271702481,3.198404612
Kyrgyz Republic,KGZ,GDP growth (annual %),NY.GDP.MKTP.KD.ZG,5.42667384921542,-0.17554822946434,-0.471566847508598,3.87582553064803,4.3358559012983
Kyrgyz Republic,KGZ,GDP per capita (constant 2005 US$),NY.GDP.PCAP.KD,654.312311839923,747.565616648644,880.037775119109,1021.16079218508,1043.9511123578
Kyrgyz Republic,KGZ,"Inflation, consumer prices (annual %)",FP.CPI.TOTL.ZG,18.70073428,4.354851339,7.967722256,6.503318391,0.421679458
Lao PDR,LAO,GDP growth (annual %),NY.GDP.MKTP.KD.ZG,5.79878232615873,7.10756836906148,8.52690551722873,7.26959177501747,7.02309187410415
Lao PDR,LAO,GDP per capita (constant 2005 US$),NY.GDP.PCAP.KD,672.167829902733,842.567630059211,1141.12711507419,1556.67071242887,1642.73009632529
Lao PDR,LAO,"Inflation, consumer prices (annual %)",FP.CPI.TOTL.ZG,25.08464143,7.165417599,5.982348385,1.276227705,1.509359614
Latin America & Caribbean,LCN,GDP growth (annual %),NY.GDP.MKTP.KD.ZG,3.75490705183378,4.25163337593106,5.83639191729415,0.0809887599652654,-0.476165840417551
Latin America & Caribbean,LCN,GDP per capita (constant 2005 US$),NY.GDP.PCAP.KD,7450.23612992661,7944.63991436522,8954.19819302655,9433.1394023314,9291.03313216823
Latin America & Caribbean,LCN,"Inflation, consumer prices (annual %)",FP.CPI.TOTL.ZG,4.608229989,4.69927739,3.556123806,2.5546807955,2.53701613
Latin America & Caribbean (excluding high income),LAC,GDP growth (annual %),NY.GDP.MKTP.KD.ZG,4.18828190184604,3.92626786498889,5.61385370315193,-0.339278681296477,-0.445587576910839
Latin America & Caribbean (excluding high income),LAC,GDP per capita (constant 2005 US$),NY.GDP.PCAP.KD,7138.01175875915,7582.44243943496,8525.51376033142,8965.76539404856,8830.61252356643
Latin America & Caribbean (excluding high income),LAC,"Inflation, consumer prices (annual %)",FP.CPI.TOTL.ZG,7.724135662,5.393231069,3.859509098,3.129002745,2.7731599925
Latvia,LVA,GDP growth (annual %),NY.GDP.MKTP.KD.ZG,5.40685848447123,10.697037062198,-3.94067030557116,2.97170383161259,2.20881929833494
Latvia,LVA,GDP per capita (constant 2005 US$),NY.GDP.PCAP.KD,6934.72292638759,10873.4142851194,11326.2194746243,14284.2883301309,14733.8394398232
Latvia,LVA,"Inflation, consumer prices (annual %)",FP.CPI.TOTL.ZG,2.648592284,6.723585912,-1.070663812,0.201612903,0.134138162
Least developed countries: UN classification,LDC,GDP growth (annual %),NY.GDP.MKTP.KD.ZG,4.31908461611353,8.72183217352649,5.93764412446627,3.77502746051117,3.61015692642017
Least developed countries: UN classification,LDC,GDP per capita (constant 2005 US$),NY.GDP.PCAP.KD,517.549813778737,619.450733158112,779.383568243235,881.940007808111,892.547072034896
Least developed countries: UN classification,LDC,"Inflation, consumer prices (annual %)",FP.CPI.TOTL.ZG,3.9552617665,7.564080617,5.982348385,4.521708543,5.513525727
Lebanon,LBN,GDP growth (annual %),NY.GDP.MKTP.KD.ZG,1.34406652961859,2.73228285337265,8.03724955489973,0.815560065608963,1.99999999985178
Lebanon,LBN,GDP per capita (constant 2005 US$),NY.GDP.PCAP.KD,6747.63317967161,6606.29200014322,8858.28397743868,7189.63371109902,7143.95909540687
Lebanon,LBN,"Inflation, consumer prices (annual %)",FP.CPI.TOTL.ZG,..,..,3.989841464,-3.748891999,-0.814751744
Lesotho,LSO,GDP growth (annual %),NY.GDP.MKTP.KD.ZG,3.87554660661999,3.46612293627054,6.07203861632716,2.51658774593766,2.39715448807888
Lesotho,LSO,GDP per capita (constant 2005 US$),NY.GDP.PCAP.KD,880.371678771732,968.399911687998,1169.26784178666,1338.53537447682,1352.47670903277
Lesotho,LSO,"Inflation, consumer prices (annual %)",FP.CPI.TOTL.ZG,6.131975387,3.437884231,3.597811021,3.175454594,6.609116058
Liberia,LBR,GDP growth (annual %),NY.GDP.MKTP.KD.ZG,28.6159333495887,5.28197573002149,6.09994469237347,0,-1.60000000000001
Liberia,LBR,GDP per capita (constant 2005 US$),NY.GDP.PCAP.KD,392.490207474937,279.796234287132,327.420509735634,367.475978462181,352.646078449267
Liberia,LBR,"Inflation, consumer prices (annual %)",FP.CPI.TOTL.ZG,..,10.83435885,7.291036635,7.782652921,8.833967088
Libya,LBY,GDP growth (annual %),NY.GDP.MKTP.KD.ZG,3.67921329264158,11.870728929385,5.02128973900766,-8.86203940081975,-2.79546882881627
Libya,LBY,GDP per capita (constant 2005 US$),NY.GDP.PCAP.KD,8967.24745280595,10653.7843994307,12120.5621692062,6073.40620029268,5848.93736052847
Libya,LBY,"Inflation, consumer prices (annual %)",FP.CPI.TOTL.ZG,-2.9,2.650205761,2.799895001,..,..
Liechtenstein,LIE,GDP growth (annual %),NY.GDP.MKTP.KD.ZG,3.22019099847846,4.8280749520261,..,..,..
Liechtenstein,LIE,GDP per capita (constant 2005 US$),NY.GDP.PCAP.KD,..,..,141165.082856705,..,..
Liechtenstein,LIE,"Inflation, consumer prices (annual %)",FP.CPI.TOTL.ZG,..,..,..,..,..
Lithuania,LTU,GDP growth (annual %),NY.GDP.MKTP.KD.ZG,3.83166714045696,7.72740791807141,1.63981964913999,2.03464897425221,2.34488073938843
Lithuania,LTU,GDP per capita (constant 2005 US$),NY.GDP.PCAP.KD,6933.58786910926,10537.9103730548,11984.8685698823,15383.4626350521,15945.5234844081
Lithuania,LTU,"Inflation, consumer prices (annual %)",FP.CPI.TOTL.ZG,1.00678733,2.643462936,1.319184445,-0.884108435,0.905521554
Low & middle income,LMY,GDP growth (annual %),NY.GDP.MKTP.KD.ZG,5.7487381641141,6.99943618226048,7.43879890843286,3.8959418306856,4.1863080998146
Low & middle income,LMY,GDP per capita (constant 2005 US$),NY.GDP.PCAP.KD,2243.52803754136,2761.23647841013,3530.08872088937,4218.14814244039,4338.63012052838
Low & middle income,LMY,"Inflation, consumer prices (annual %)",FP.CPI.TOTL.ZG,4.4783322565,6.807382031,4.509236918,3.060357042,3.381885055
Low income,LIC,GDP growth (annual %),NY.GDP.MKTP.KD.ZG,2.3369786048607,6.02382285528711,6.73131325052618,1.78268826466585,2.47756091160608
Low income,LIC,GDP per capita (constant 2005 US$),NY.GDP.PCAP.KD,509.137652728923,549.151253886496,628.509570516666,698.922196247987,698.218824627266
Low income,LIC,"Inflation, consumer prices (annual %)",FP.CPI.TOTL.ZG,3.822600881,7.8439317465,4.397413832,5.4851328835,5.7254587
Lower middle income,LMC,GDP growth (annual %),NY.GDP.MKTP.KD.ZG,4.36042812885955,6.85856475162907,7.41230974167195,5.70322056783914,5.18253950592199
Lower middle income,LMC,GDP per capita (constant 2005 US$),NY.GDP.PCAP.KD,1068.4417209769,1315.70182041218,1675.12656106051,2033.12307095523,2108.04777482091
Lower middle income,LMC,"Inflation, consumer prices (annual %)",FP.CPI.TOTL.ZG,4.366664513,6.7817360475,5.9979786605,4.0322709665,3.5755222625
Luxembourg,LUX,GDP growth (annual %),NY.GDP.MKTP.KD.ZG,8.2397991119304,3.1724427328915,4.86496856032889,2.86167463560454,3.08264331605726
Luxembourg,LUX,GDP per capita (constant 2005 US$),NY.GDP.PCAP.KD,93462.9248464056,101380.774586459,104965.306078267,107648.608007826,108600.934880422
Luxembourg,LUX,"Inflation, consumer prices (annual %)",FP.CPI.TOTL.ZG,3.147371816,2.489582068,2.273404833,0.474513795,0.299166667
"Macao SAR, China",MAC,GDP growth (annual %),NY.GDP.MKTP.KD.ZG,5.74731530974222,8.0594607052316,25.2638354153666,-21.5945054638536,-0.863118775980453
"Macao SAR, China",MAC,GDP per capita (constant 2005 US$),NY.GDP.PCAP.KD,22524.4861754582,34246.0225667852,52374.7944457228,53580.4908597492,52144.0288870665
"Macao SAR, China",MAC,"Inflation, consumer prices (annual %)",FP.CPI.TOTL.ZG,-1.605719644,4.390957879,2.809706258,4.559390763,2.374195989
"Macedonia, FYR",MKD,GDP growth (annual %),NY.GDP.MKTP.KD.ZG,4.54913577822403,4.72337752728878,3.35876011375915,3.84162380746731,2.92349571825557
"Macedonia, FYR",MKD,GDP per capita (constant 2005 US$),NY.GDP.PCAP.KD,3448.83445241989,3755.0365918725,4542.90410449183,5104.77738844088,5249.22382597843
"Macedonia, FYR",MKD,"Inflation, consumer prices (annual %)",FP.CPI.TOTL.ZG,6.60742291,0.524014939,1.508268832,-0.299920476,-0.239290788
Madagascar,MDG,GDP growth (annual %),NY.GDP.MKTP.KD.ZG,4.76006509891198,4.60289996515068,0.263110855703317,3.11661471423099,4.17999023566718
Madagascar,MDG,GDP per capita (constant 2005 US$),NY.GDP.PCAP.KD,430.108996269166,413.867494917738,412.730934137725,410.194159196256,416.002717256506
Madagascar,MDG,"Inflation, consumer prices (annual %)",FP.CPI.TOTL.ZG,11.8596845,18.36382465,9.247321736,7.404002032,6.654801865
Malawi,MWI,GDP growth (annual %),NY.GDP.MKTP.KD.ZG,1.57607783734666,3.2687258275753,6.87406563500954,2.79999999900333,2.48404062641868
Malawi,MWI,GDP per capita (constant 2005 US$),NY.GDP.PCAP.KD,384.680169731663,373.232124951135,458.868174427665,483.628811026417,481.451936704379
Malawi,MWI,"Inflation, consumer prices (annual %)",FP.CPI.TOTL.ZG,29.58148846,15.41034466,7.411590929,21.86905014,21.70724298
Malaysia,MYS,GDP growth (annual %),NY.GDP.MKTP.KD.ZG,8.85886817425107,5.33213913924246,7.4248473927781,5.02800634896177,4.21985131964395
Malaysia,MYS,GDP per capita (constant 2005 US$),NY.GDP.PCAP.KD,7009.65536221043,7983.95256932059,9071.35698672103,10745.0454732509,11031.8215581749
Malaysia,MYS,"Inflation, consumer prices (annual %)",FP.CPI.TOTL.ZG,1.534740237,2.960865088,1.710037175,2.081447964,2.127659574
Maldives,MDV,GDP growth (annual %),NY.GDP.MKTP.KD.ZG,3.84581039203469,-13.1290534305083,7.26512906840138,2.24592440121761,6.16315825655229
Maldives,MDV,GDP per capita (constant 2005 US$),NY.GDP.PCAP.KD,5777.21636705743,5484.95025483218,7100.40589910181,8105.54024678614,8416.94474783169
Maldives,MDV,"Inflation, consumer prices (annual %)",FP.CPI.TOTL.ZG,-1.174756812,1.300275009,6.149885368,0.953206659,0.502509414
Mali,MLI,GDP growth (annual %),NY.GDP.MKTP.KD.ZG,-0.0608349718131365,6.53476265710999,5.41345222224766,5.96258159051517,5.79999999505212
Mali,MLI,GDP per capita (constant 2005 US$),NY.GDP.PCAP.KD,553.578011379499,666.257623041383,708.370763247419,726.248067030662,745.870724513615
Mali,MLI,"Inflation, consumer prices (annual %)",FP.CPI.TOTL.ZG,-0.677661659,6.397882939,1.108926907,1.435735842,-1.800441907
Malta,MLT,GDP growth (annual %),NY.GDP.MKTP.KD.ZG,6.77019391099778,3.78365225854667,3.54268321383185,9.62164806447043,5.23058494709528
Malta,MLT,GDP per capita (constant 2005 US$),NY.GDP.PCAP.KD,18306.665059282,19585.1242660293,21087.7946931036,25342.0222902837,26064.1713762244
Malta,MLT,"Inflation, consumer prices (annual %)",FP.CPI.TOTL.ZG,2.369592875,3.007966525,1.516833766,1.099931591,0.577054664
Marshall Islands,MHL,GDP growth (annual %),NY.GDP.MKTP.KD.ZG,5.89069431160706,2.91545411490957,6.45363768538634,-0.364546611531892,1.91049498750886
Marshall Islands,MHL,GDP per capita (constant 2005 US$),NY.GDP.PCAP.KD,2617.36543188505,2926.63526948447,3146.76394849785,3315.19293500707,3373.94553773079
Marshall Islands,MHL,"Inflation, consumer prices (annual %)",FP.CPI.TOTL.ZG,..,..,..,..,..
Mauritania,MRT,GDP growth (annual %),NY.GDP.MKTP.KD.ZG,-0.430406256338173,8.96942231802176,4.77369717489576,1.39999644340145,1.99999906234294
Mauritania,MRT,GDP per capita (constant 2005 US$),NY.GDP.PCAP.KD,998.106967953895,1083.19527441262,1203.38366252431,1306.64958344716,1296.00740028339
Mauritania,MRT,"Inflation, consumer prices (annual %)",FP.CPI.TOTL.ZG,3.254067458,12.12564872,6.283540874,0.484554576,1.48600677
Mauritius,MUS,GDP growth (annual %),NY.GDP.MKTP.KD.ZG,9.02661409932297,1.2413875380507,4.37720323945265,3.46866413387107,3.79999998981377
Mauritius,MUS,GDP per capita (constant 2005 US$),NY.GDP.PCAP.KD,5560.23464877619,6245.19695733021,8000.37643182154,9468.94070050164,9822.00813402345
Mauritius,MUS,"Inflation, consumer prices (annual %)",FP.CPI.TOTL.ZG,4.199288256,4.941599281,2.892968717,1.286549708,1.023864511
Mexico,MEX,GDP growth (annual %),NY.GDP.MKTP.KD.ZG,4.94245371467422,2.30780706591736,5.11811814321163,3.27047212948384,2.91332827651026
Mexico,MEX,GDP per capita (constant 2005 US$),NY.GDP.PCAP.KD,8997.43350230947,9059.81037041039,9016.45781179769,9717.89842992014,9871.670108626
Mexico,MEX,"Inflation, consumer prices (annual %)",FP.CPI.TOTL.ZG,9.495019139,3.988060736,4.156727837,2.720641263,2.821707752
"Micronesia, Fed. Sts.",FSM,GDP growth (annual %),NY.GDP.MKTP.KD.ZG,4.56320950034359,2.05675206270799,2.04189024308035,4.93150055725128,-0.0637604720587319
"Micronesia, Fed. Sts.",FSM,GDP per capita (constant 2005 US$),NY.GDP.PCAP.KD,2706.82954206421,2824.93040815082,2861.77134805435,2838.86966486719,2823.43352650754
"Micronesia, Fed. Sts.",FSM,"Inflation, consumer prices (annual %)",FP.CPI.TOTL.ZG,..,..,..,..,..
Middle East & North Africa,MEA,GDP growth (annual %),NY.GDP.MKTP.KD.ZG,5.71528554012559,5.06696992820579,5.00511304600609,2.52357039235341,4.63996896297027
Middle East & North Africa,MEA,GDP per capita (constant 2005 US$),NY.GDP.PCAP.KD,5764.2058965294,6451.70765738061,7126.77193263835,7523.60791131852,7732.76174947725
Middle East & North Africa,MEA,"Inflation, consumer prices (annual %)",FP.CPI.TOTL.ZG,1.812946139,3.104966401,3.913043478,1.696950405,2.738412087
Middle East & North Africa (excluding high income),MNA,GDP growth (annual %),NY.GDP.MKTP.KD.ZG,4.26789222567618,4.54867321059618,5.23586524085999,0.94436668281233,6.9939670556177
Middle East & North Africa (excluding high income),MNA,GDP per capita (constant 2005 US$),NY.GDP.PCAP.KD,3212.54247525864,3611.13051121626,4122.74486759566,4016.68743233473,4225.51373013126
Middle East & North Africa (excluding high income),MNA,"Inflation, consumer prices (annual %)",FP.CPI.TOTL.ZG,2.683805353,3.8004680265,3.989841464,1.4947592855,2.738412087
Middle income,MIC,GDP growth (annual %),NY.GDP.MKTP.KD.ZG,5.80532669065957,7.01485995804751,7.44950504051076,3.92839823304098,4.21208654693932
Middle income,MIC,GDP per capita (constant 2005 US$),NY.GDP.PCAP.KD,2422.17017331335,3005.85196984283,3876.34429544125,4668.64684962966,4811.02913324926
Middle income,MIC,"Inflation, consumer prices (annual %)",FP.CPI.TOTL.ZG,4.978962132,5.311513063,4.5801998545,2.685982772,2.738412087
Moldova,MDA,GDP growth (annual %),NY.GDP.MKTP.KD.ZG,2.10771605209754,7.50000009534195,7.10000009243477,-0.400000129510545,4.49999996561689
Moldova,MDA,GDP per capita (constant 2005 US$),NY.GDP.PCAP.KD,968.288176681114,1379.87561746639,1631.53583179532,1980.26741236966,2070.63437234331
Moldova,MDA,"Inflation, consumer prices (annual %)",FP.CPI.TOTL.ZG,31.14565136,11.76593047,7.352251206,9.678609467,6.384098347
Monaco,MCO,GDP growth (annual %),NY.GDP.MKTP.KD.ZG,3.91023191095104,1.89541378415514,..,..,..
Monaco,MCO,GDP per capita (constant 2005 US$),NY.GDP.PCAP.KD,..,..,144246.368774966,..,..
Monaco,MCO,"Inflation, consumer prices (annual %)",FP.CPI.TOTL.ZG,..,..,..,..,..
Mongolia,MNG,GDP growth (annual %),NY.GDP.MKTP.KD.ZG,1.14606213683845,7.25366544049683,6.36516168485748,2.37983580688481,1.24320256286998
Mongolia,MNG,GDP per capita (constant 2005 US$),NY.GDP.PCAP.KD,1600.4794839922,2079.11237039914,2650.35364830438,3923.62846916544,3906.11587467046
Mongolia,MNG,"Inflation, consumer prices (annual %)",FP.CPI.TOTL.ZG,11.59553876,12.71656741,10.14963142,5.77594951,0.554046135
Montenegro,MNE,GDP growth (annual %),NY.GDP.MKTP.KD.ZG,3.09999741693487,4.18060434072447,2.73434386020708,3.39041520741897,2.94934151488802
Montenegro,MNE,GDP per capita (constant 2005 US$),NY.GDP.PCAP.KD,4950.21951950929,5599.87736820172,6682.28115774575,7279.88886020374,7492.86340571049
Montenegro,MNE,"Inflation, consumer prices (annual %)",FP.CPI.TOTL.ZG,..,..,0.65494657,1.548691582,-0.271385023
Morocco,MAR,GDP growth (annual %),NY.GDP.MKTP.KD.ZG,1.91287298063767,3.29163968433596,3.8157179167666,4.54950204220364,1.2224436474776
Morocco,MAR,GDP per capita (constant 2005 US$),NY.GDP.PCAP.KD,1972.3002866719,2358.44357888445,2834.20471989688,3209.71471291532,3204.86465254499
Morocco,MAR,"Inflation, consumer prices (annual %)",FP.CPI.TOTL.ZG,1.894634568,0.98264166,0.987355331,1.557907113,1.635311143
Mozambique,MOZ,GDP growth (annual %),NY.GDP.MKTP.KD.ZG,1.6785029847975,8.72066787720824,6.68722163231585,6.59398590645148,3.76294303923017
Mozambique,MOZ,GDP per capita (constant 2005 US$),NY.GDP.PCAP.KD,256.539379736227,339.132244173654,419.225814942685,510.793590648738,514.961539189252
Mozambique,MOZ,"Inflation, consumer prices (annual %)",FP.CPI.TOTL.ZG,12.72360999,7.167769198,12.70123982,2.391863525,9.966216216
Myanmar,MMR,GDP growth (annual %),NY.GDP.MKTP.KD.ZG,13.7459305559899,13.5689500216101,9.63443945214466,6.99251557410656,5.87198222637582
Myanmar,MMR,GDP per capita (constant 2005 US$),NY.GDP.PCAP.KD,346.774645407117,603.832088706386,987.73658320217,1342.26306433207,1408.14066001777
Myanmar,MMR,"Inflation, consumer prices (annual %)",FP.CPI.TOTL.ZG,-0.109165515,9.368618142,7.718381959,9.485472555,6.964739177
Namibia,NAM,GDP growth (annual %),NY.GDP.MKTP.KD.ZG,3.49218322208907,2.52926260309158,6.03924940987388,6.10673171927007,0.700099217901723
Namibia,NAM,GDP per capita (constant 2005 US$),NY.GDP.PCAP.KD,3746.71311947165,4454.63476045359,5191.58308141444,6120.74540170818,6028.99599945761
Namibia,NAM,"Inflation, consumer prices (annual %)",FP.CPI.TOTL.ZG,..,2.28194607,4.874919876,3.405773308,6.711963782
Nauru,NRU,GDP growth (annual %),NY.GDP.MKTP.KD.ZG,..,..,13.550826776623,2.80819122591865,10.4000039995401
Nauru,NRU,GDP per capita (constant 2005 US$),NY.GDP.PCAP.KD,..,..,4912.59955837279,9143.66872724019,9650.56845284763
Nauru,NRU,"Inflation, consumer prices (annual %)",FP.CPI.TOTL.ZG,..,..,..,..,..
Nepal,NPL,GDP growth (annual %),NY.GDP.MKTP.KD.ZG,6.19999998759771,3.47918104631147,4.81641465022444,3.32290543937557,0.412891876873147
Nepal,NPL,GDP per capita (constant 2005 US$),NY.GDP.PCAP.KD,459.116340001891,502.239427924995,592.183521642014,690.075033001948,685.118550346198
Nepal,NPL,"Inflation, consumer prices (annual %)",FP.CPI.TOTL.ZG,2.478820207,6.836332659,9.324000504,7.868908957,8.79034332
Netherlands,NLD,GDP growth (annual %),NY.GDP.MKTP.KD.ZG,4.23876306887279,2.16036600167007,1.40266217721738,2.260757029476,2.20994151591842
Netherlands,NLD,GDP per capita (constant 2005 US$),NY.GDP.PCAP.KD,46133.176346003,48107.5854897237,50338.2548273725,51410.4893017426,52267.7317557741
Netherlands,NLD,"Inflation, consumer prices (annual %)",FP.CPI.TOTL.ZG,2.316666342,1.674081313,1.275552568,0.600248147,0.316666667
New Caledonia,NCL,GDP growth (annual %),NY.GDP.MKTP.KD.ZG,2.10010884233,..,..,..,..
New Caledonia,NCL,GDP per capita (constant 2005 US$),NY.GDP.PCAP.KD,..,..,..,..,..
New Caledonia,NCL,"Inflation, consumer prices (annual %)",FP.CPI.TOTL.ZG,..,..,..,..,..
New Zealand,NZL,GDP growth (annual %),NY.GDP.MKTP.KD.ZG,2.28943935371258,3.31890578591359,0.962157188992691,4.43429494402392,3.4714568346147
New Zealand,NZL,GDP per capita (constant 2005 US$),NY.GDP.PCAP.KD,28972.9762418904,32887.0546086896,33692.0108346543,37038.854884222,37528.4583347383
New Zealand,NZL,"Inflation, consumer prices (annual %)",FP.CPI.TOTL.ZG,3.006943697,3.037020739,2.302025783,0.334308399,1.082882132
Nicaragua,NIC,GDP growth (annual %),NY.GDP.MKTP.KD.ZG,4.10159015301244,4.28239830528729,4.41009911716546,4.76860879419793,4.65875919160213
Nicaragua,NIC,GDP per capita (constant 2005 US$),NY.GDP.PCAP.KD,1309.52559663019,1429.26457367809,1526.49793806178,1878.2007688765,1944.00097877287
Nicaragua,NIC,"Inflation, consumer prices (annual %)",FP.CPI.TOTL.ZG,9.873,9.599099861,5.454855462,3.999101824,3.519937252
Niger,NER,GDP growth (annual %),NY.GDP.MKTP.KD.ZG,-1.40950935004449,4.49999999936222,8.36923979849078,4.33759111585388,4.92571448640469
Niger,NER,GDP per capita (constant 2005 US$),NY.GDP.PCAP.KD,322.149889580638,326.331710069065,348.151510969273,388.316193530925,392.148936453948
Niger,NER,"Inflation, consumer prices (annual %)",FP.CPI.TOTL.ZG,2.900149736,7.797497818,0.804073081,1.006885086,0.170799497
Nigeria,NGA,GDP growth (annual %),NY.GDP.MKTP.KD.ZG,5.31809338064852,3.44466681332356,7.83973947709083,2.65269328877392,-1.61686894991816
Nigeria,NGA,GDP per capita (constant 2005 US$),NY.GDP.PCAP.KD,1287.05925568582,1875.02964242477,2327.32066957391,2562.52221561458,2455.91855879469
Nigeria,NGA,"Inflation, consumer prices (annual %)",FP.CPI.TOTL.ZG,6.933292156,17.86349337,13.72020184,9.017683791,15.69685447
North America,NAC,GDP growth (annual %),NY.GDP.MKTP.KD.ZG,4.19709157022001,3.33084183467905,2.58364753420761,2.67703675293656,1.4783349419378
North America,NAC,GDP per capita (constant 2005 US$),NY.GDP.PCAP.KD,44923.36444131,48608.10518158,48291.0744258176,51775.5260747706,52132.2398632548
North America,NAC,"Inflation, consumer prices (annual %)",FP.CPI.TOTL.ZG,3.048148614,2.8031494395,1.7084574915,0.6219342485,1.3451713765
Northern Mariana Islands,MNP,GDP growth (annual %),NY.GDP.MKTP.KD.ZG,..,-12.666200139958,1.38364779874213,3.77358490566037,28.6060606060606
Northern Mariana Islands,MNP,GDP per capita (constant 2005 US$),NY.GDP.PCAP.KD,..,19408.2782743879,14681.0230780538,14919.6400246835,19115.3764753192
Northern Mariana Islands,MNP,"Inflation, consumer prices (annual %)",FP.CPI.TOTL.ZG,..,..,..,..,..
Norway,NOR,GDP growth (annual %),NY.GDP.MKTP.KD.ZG,3.20528507503268,2.6247205350504,0.691663072400317,1.97009778573734,1.09146507169045
Norway,NOR,GDP per capita (constant 2005 US$),NY.GDP.PCAP.KD,81709.6629402044,88494.3643276994,87770.2668443401,90104.0482597666,90316.9723439327
Norway,NOR,"Inflation, consumer prices (annual %)",FP.CPI.TOTL.ZG,3.08606791,1.522058824,2.399257688,2.17364832,3.55
OECD members,OED,GDP growth (annual %),NY.GDP.MKTP.KD.ZG,4.01927291361612,2.70591636267284,2.88926879300435,2.25391644665632,1.73314621764258
OECD members,OED,GDP per capita (constant 2005 US$),NY.GDP.PCAP.KD,33013.2737392471,35461.1751883456,35889.1198878877,37909.5534210685,38311.3833305751
OECD members,OED,"Inflation, consumer prices (annual %)",FP.CPI.TOTL.ZG,3.08606790977934,2.431540998696,1.81353503144187,0.234429944519196,0.40104151078891
Oman,OMN,GDP growth (annual %),NY.GDP.MKTP.KD.ZG,5.40137271684384,2.49045835992148,4.80471128505226,4.73895582329318,5.38416593631317
Oman,OMN,GDP per capita (constant 2005 US$),NY.GDP.PCAP.KD,18698.3997470458,17631.9396938635,19281.0008081038,16957.8542671642,16962.3487787348
Oman,OMN,"Inflation, consumer prices (annual %)",FP.CPI.TOTL.ZG,..,1.861435726,3.203396372,0.065290133,1.101052116
Pakistan,PAK,GDP growth (annual %),NY.GDP.MKTP.KD.ZG,4.26008801156799,7.66730427146116,1.60669195949077,4.73114747532901,5.52673584474448
Pakistan,PAK,GDP per capita (constant 2005 US$),NY.GDP.PCAP.KD,848.631783053007,974.53729826756,1040.14226787636,1140.20627149045,1179.41401202313
Pakistan,PAK,"Inflation, consumer prices (annual %)",FP.CPI.TOTL.ZG,4.366664513,9.06332737,13.88113926,2.539515909,3.752595854
Palau,PLW,GDP growth (annual %),NY.GDP.MKTP.KD.ZG,..,6.09209138194468,-0.920003647041341,10.1379002455418,0.0588229473640354
Palau,PLW,GDP per capita (constant 2005 US$),NY.GDP.PCAP.KD,9342.85662389185,10701.0303792556,8932.28138739619,10577.5833196129,10477.9820782627
Palau,PLW,"Inflation, consumer prices (annual %)",FP.CPI.TOTL.ZG,..,..,..,..,..
Panama,PAN,GDP growth (annual %),NY.GDP.MKTP.KD.ZG,2.7153734965116,7.19127885199235,5.82799349428571,5.57576471833711,4.98859240427846
Panama,PAN,GDP per capita (constant 2005 US$),NY.GDP.PCAP.KD,5493.59759475928,6172.39507307927,8080.83822506562,10747.8416197677,11102.556965498
Panama,PAN,"Inflation, consumer prices (annual %)",FP.CPI.TOTL.ZG,1.498961116,3.181705195,3.491288726,0.125526143,0.746026597
Papua New Guinea,PNG,GDP growth (annual %),NY.GDP.MKTP.KD.ZG,-2.49484199260023,6.34479592309654,10.1246863419789,5.29898692810458,1.89999999999999
Papua New Guinea,PNG,GDP per capita (constant 2005 US$),NY.GDP.PCAP.KD,1724.2316816262,1693.27510354728,2004.81811175089,2402.53624605015,2398.17116565087
Papua New Guinea,PNG,"Inflation, consumer prices (annual %)",FP.CPI.TOTL.ZG,15.59589331,1.780804399,6.013608936,6.010241667,6.673728814
Paraguay,PRY,GDP growth (annual %),NY.GDP.MKTP.KD.ZG,-2.31414603182645,2.13348616671323,13.0930036763176,2.9622363111353,4.01955495078894
Paraguay,PRY,GDP per capita (constant 2005 US$),NY.GDP.PCAP.KD,2692.50494430328,2707.97467139044,3225.59175373637,3822.86291849316,3925.56335604809
Paraguay,PRY,"Inflation, consumer prices (annual %)",FP.CPI.TOTL.ZG,8.982159768,6.807382031,4.651162791,3.129002745,4.086822806
Peru,PER,GDP growth (annual %),NY.GDP.MKTP.KD.ZG,2.69437139806912,6.28506032509601,8.33245910749577,3.25136962848826,3.95130919243149
Peru,PER,GDP per capita (constant 2005 US$),NY.GDP.PCAP.KD,3310.77999316433,3831.36485077707,5022.49319096369,5937.28535183218,6094.73824934176
Peru,PER,"Inflation, consumer prices (annual %)",FP.CPI.TOTL.ZG,3.757338333,1.616301939,1.528320597,3.555396247,3.595722243
Philippines,PHL,GDP growth (annual %),NY.GDP.MKTP.KD.ZG,4.41122216013076,4.77766781940045,7.63226478049033,6.0665489034551,6.87571482288942
Philippines,PHL,GDP per capita (constant 2005 US$),NY.GDP.PCAP.KD,1607.20161563458,1818.31543217477,2129.49924654605,2615.6591018123,2752.1091206242
Philippines,PHL,"Inflation, consumer prices (annual %)",FP.CPI.TOTL.ZG,3.977125032,6.516853933,3.789836348,1.433691756,1.766784452
Poland,POL,GDP growth (annual %),NY.GDP.MKTP.KD.ZG,4.559571178846,3.49365851503035,3.60692826143993,3.8445939712239,2.86432867930108
Poland,POL,GDP per capita (constant 2005 US$),NY.GDP.PCAP.KD,8526.27041970809,9950.57267533817,12599.5335818707,14642.0964873911,15067.9698510199
Poland,POL,"Inflation, consumer prices (annual %)",FP.CPI.TOTL.ZG,10.05981512,2.107050758,2.707452359,-0.991300366,-0.609676201
Portugal,PRT,GDP growth (annual %),NY.GDP.MKTP.KD.ZG,3.78749400060012,0.76678443531668,1.89869117560959,1.82206682618138,1.619414632551
Portugal,PRT,GDP per capita (constant 2005 US$),NY.GDP.PCAP.KD,21513.4597301856,22004.7994278972,22538.6540773482,22016.8369177565,22444.0710843784
Portugal,PRT,"Inflation, consumer prices (annual %)",FP.CPI.TOTL.ZG,2.846721116,2.293867255,1.402572899,0.487938624,0.607397075
Puerto Rico,PRI,GDP growth (annual %),NY.GDP.MKTP.KD.ZG,3.2719645286232,-1.98709721875296,-0.413254118484915,-1.11269778898037,-2.60612521806551
Puerto Rico,PRI,GDP per capita (constant 2005 US$),NY.GDP.PCAP.KD,24161.1608814414,27566.5886153971,26435.7401871545,27501.60767535,27308.9938782031
Puerto Rico,PRI,"Inflation, consumer prices (annual %)",FP.CPI.TOTL.ZG,..,..,..,..,..
Qatar,QAT,GDP growth (annual %),NY.GDP.MKTP.KD.ZG,..,7.49275850628118,19.592331533546,3.55101568700967,2.22312097167656
Qatar,QAT,GDP per capita (constant 2005 US$),NY.GDP.PCAP.KD,60858.1912230348,61688.8119300477,70306.2278449301,67277.24312946,66410.7564675877
Qatar,QAT,"Inflation, consumer prices (annual %)",FP.CPI.TOTL.ZG,1.650335224,8.814395323,-2.425256752,1.883589329,2.875505832
Romania,ROU,GDP growth (annual %),NY.GDP.MKTP.KD.ZG,2.39509453301952,4.17191431251776,-2.81159947950906,3.97380754902956,4.8207744653503
Romania,ROU,GDP per capita (constant 2005 US$),NY.GDP.PCAP.KD,4910.18087245182,6838.24946883513,8231.31277057833,9639.38725500793,10162.1073425047
Romania,ROU,"Inflation, consumer prices (annual %)",FP.CPI.TOTL.ZG,45.66659404,8.9890568,6.094215787,-0.593318715,-1.538403049
Russian Federation,RUS,GDP growth (annual %),NY.GDP.MKTP.KD.ZG,9.99999999924522,6.37618702701079,4.50372562582628,-2.82824081346035,-0.224910984282204
Russian Federation,RUS,GDP per capita (constant 2005 US$),NY.GDP.PCAP.KD,6491.00135927102,8927.90565842376,10674.987707365,11325.7876875728,11279.6253410461
Russian Federation,RUS,"Inflation, consumer prices (annual %)",FP.CPI.TOTL.ZG,20.77634088,12.6833396,6.852353956,15.52633251,7.049766291
Rwanda,RWA,GDP growth (annual %),NY.GDP.MKTP.KD.ZG,8.37090817337022,9.37791592670048,7.33463877344005,8.86797737443902,5.98131491296596
Rwanda,RWA,GDP per capita (constant 2005 US$),NY.GDP.PCAP.KD,327.236038941254,430.796705062065,563.401345326449,714.393932013572,738.830185687619
Rwanda,RWA,"Inflation, consumer prices (annual %)",FP.CPI.TOTL.ZG,3.899529803,9.014089181,2.309146191,2.518087704,5.7254587
Samoa,WSM,GDP growth (annual %),NY.GDP.MKTP.KD.ZG,6.91879029910028,4.15649210277043,0.47915871283746,1.63477602628133,7.14516885471595
Samoa,WSM,GDP per capita (constant 2005 US$),NY.GDP.PCAP.KD,2766.53104153647,3412.02830379059,3453.43429763501,3555.05603271721,3782.40485346283
Samoa,WSM,"Inflation, consumer prices (annual %)",FP.CPI.TOTL.ZG,0.96678235,1.856763926,0.777007269,0.716747589,1.30385728
San Marino,SMR,GDP growth (annual %),NY.GDP.MKTP.KD.ZG,2.21075902726604,2.38095238095238,-4.65549348230914,0.485436893203854,0.966183574879253
San Marino,SMR,GDP per capita (constant 2005 US$),NY.GDP.PCAP.KD,70449.0349570552,77823.1926048565,68758.368617233,52476.9701283514,52596.224499382
San Marino,SMR,"Inflation, consumer prices (annual %)",FP.CPI.TOTL.ZG,..,1.685488905,2.585418156,0.145632572,0.57394802
Sao Tome and Principe,STP,GDP growth (annual %),NY.GDP.MKTP.KD.ZG,..,7.09377044675625,6.67198531992175,3.81998853521304,4.1792092680182
Sao Tome and Principe,STP,GDP per capita (constant 2005 US$),NY.GDP.PCAP.KD,..,952.679773601158,1129.75496146547,1260.62750708797,1284.68839129844
Sao Tome and Principe,STP,"Inflation, consumer prices (annual %)",FP.CPI.TOTL.ZG,12.20894563,17.15220494,13.34005235,5.245732849,5.431253321
Saudi Arabia,SAU,GDP growth (annual %),NY.GDP.MKTP.KD.ZG,5.62541614258343,5.57385012142883,5.03949367491363,4.10640887013658,1.67064234738177
Saudi Arabia,SAU,GDP per capita (constant 2005 US$),NY.GDP.PCAP.KD,18263.2300818186,19309.3120670672,19259.5872568465,21507.9556933289,21380.4527228189
Saudi Arabia,SAU,"Inflation, consumer prices (annual %)",FP.CPI.TOTL.ZG,-1.125,0.699359623,5.343137255,2.184637068,3.523510972
Senegal,SEN,GDP growth (annual %),NY.GDP.MKTP.KD.ZG,3.18663908257813,5.62260685719649,4.17936306255051,6.45690780205146,6.74181820098107
Senegal,SEN,GDP per capita (constant 2005 US$),NY.GDP.PCAP.KD,877.00225326756,967.498720282715,1002.52994032218,1052.95881981747,1092.25116227774
Senegal,SEN,"Inflation, consumer prices (annual %)",FP.CPI.TOTL.ZG,0.731981982,1.704502602,1.228681197,0.14510746,0.834768889
Serbia,SRB,GDP growth (annual %),NY.GDP.MKTP.KD.ZG,7.75920940542399,5.54042697386193,0.584478087925319,0.757715153115953,2.79732371859058
Serbia,SRB,GDP per capita (constant 2005 US$),NY.GDP.PCAP.KD,3405.77959935783,4649.57626719508,5411.87740391911,5663.3923807184,5852.38429895795
Serbia,SRB,"Inflation, consumer prices (annual %)",FP.CPI.TOTL.ZG,71.12062879,16.11998065,6.142553602,1.39235822,1.122313974
Seychelles,SYC,GDP growth (annual %),NY.GDP.MKTP.KD.ZG,1.51433881472376,9.0057614282839,5.95496246872393,4.93738645869301,4.50303159109606
Seychelles,SYC,GDP per capita (constant 2005 US$),NY.GDP.PCAP.KD,9790.27077165215,9450.27943363655,10804.6844747547,13187.6120030729,13598.3362672239
Seychelles,SYC,"Inflation, consumer prices (annual %)",FP.CPI.TOTL.ZG,6.268768769,0.907187718,-2.404638751,4.041590498,-1.015546276
Sierra Leone,SLE,GDP growth (annual %),NY.GDP.MKTP.KD.ZG,6.65272788470479,4.50509567240123,5.34646605279899,-20.5987707153392,6.05547402886204
Sierra Leone,SLE,GDP per capita (constant 2005 US$),NY.GDP.PCAP.KD,303.606883261297,353.091688365975,399.154367609619,437.168779829383,453.663921596255
Sierra Leone,SLE,"Inflation, consumer prices (annual %)",FP.CPI.TOTL.ZG,-0.836419038,12.05087483,16.63522383,6.693679279,10.88328586
Singapore,SGP,GDP growth (annual %),NY.GDP.MKTP.KD.ZG,8.8975444176491,7.48915745881868,15.2403770359415,2.24105796825458,2.39702145797342
Singapore,SGP,GDP per capita (constant 2005 US$),NY.GDP.PCAP.KD,33390.0584777032,40020.2601607487,46569.6795060716,52785.3064330722,53353.839463373
Singapore,SGP,"Inflation, consumer prices (annual %)",FP.CPI.TOTL.ZG,1.361623924,0.425106277,2.8,-0.5,-0.502512563
Sint Maarten (Dutch part),SXM,GDP growth (annual %),NY.GDP.MKTP.KD.ZG,..,..,..,..,..
Sint Maarten (Dutch part),SXM,GDP per capita (constant 2005 US$),NY.GDP.PCAP.KD,..,..,..,..,..
Sint Maarten (Dutch part),SXM,"Inflation, consumer prices (annual %)",FP.CPI.TOTL.ZG,..,..,..,..,..
Slovak Republic,SVK,GDP growth (annual %),NY.GDP.MKTP.KD.ZG,1.21017337643214,6.75096083398836,5.04171666503819,3.85010060440025,3.32469529596402
Slovak Republic,SVK,GDP per capita (constant 2005 US$),NY.GDP.PCAP.KD,10296.7141833785,13210.2692544755,16600.6135880385,18678.9349990608,19275.0867559485
Slovak Republic,SVK,"Inflation, consumer prices (annual %)",FP.CPI.TOTL.ZG,12.03577678,2.709084946,0.957018133,-0.325219777,-0.520010196
Slovenia,SVN,GDP growth (annual %),NY.GDP.MKTP.KD.ZG,4.15543396003217,4.00300736412321,1.23775590870558,2.25890239760227,3.14835548996039
Slovenia,SVN,GDP per capita (constant 2005 US$),NY.GDP.PCAP.KD,18570.6960677631,22029.4303476271,23437.4720211387,23731.1672755043,24460.3979007776
Slovenia,SVN,"Inflation, consumer prices (annual %)",FP.CPI.TOTL.ZG,8.878803678,2.477454396,1.840965347,-0.518126124,-0.056665722
Solomon Islands,SLB,GDP growth (annual %),NY.GDP.MKTP.KD.ZG,-14.2674830306195,5.42119323241317,6.8090449603589,2.54224020069339,3.45660623275934
Solomon Islands,SLB,GDP per capita (constant 2005 US$),NY.GDP.PCAP.KD,1252.89414842809,1158.94557218502,1290.5723677154,1482.19059362413,1502.88704383656
Solomon Islands,SLB,"Inflation, consumer prices (annual %)",FP.CPI.TOTL.ZG,7.88956187,7.330663416,1.051481633,-0.558559364,..
Somalia,SOM,GDP growth (annual %),NY.GDP.MKTP.KD.ZG,..,..,..,..,..
Somalia,SOM,GDP per capita (constant 2005 US$),NY.GDP.PCAP.KD,..,..,..,..,..
Somalia,SOM,"Inflation, consumer prices (annual %)",FP.CPI.TOTL.ZG,..,..,..,..,..
South Africa,ZAF,GDP growth (annual %),NY.GDP.MKTP.KD.ZG,4.15454458262732,5.27711173498236,3.03977706276746,1.27953825560994,0.565362939110358
South Africa,ZAF,GDP per capita (constant 2005 US$),NY.GDP.PCAP.KD,5837.88517841162,6599.35652472708,7275.38211193642,7575.17476995137,7519.50559570727
South Africa,ZAF,"Inflation, consumer prices (annual %)",FP.CPI.TOTL.ZG,5.338953284,3.399299946,4.257415985,4.588271042,6.3262638
South Asia,SAS,GDP growth (annual %),NY.GDP.MKTP.KD.ZG,4.07805683218474,8.77028592999794,9.05534248883866,7.60559598324431,6.83468802612113
South Asia,SAS,GDP per capita (constant 2005 US$),NY.GDP.PCAP.KD,751.617990720179,934.827031639216,1252.22934662178,1603.95554637086,1692.05069808759
South Asia,SAS,"Inflation, consumer prices (annual %)",FP.CPI.TOTL.ZG,4.009433962,6.9414754105,7.5815297765,3.530612226,4.1826746595
South Sudan,SSD,GDP growth (annual %),NY.GDP.MKTP.KD.ZG,..,..,..,-0.174927113702623,-13.833722741433
South Sudan,SSD,GDP per capita (constant 2005 US$),NY.GDP.PCAP.KD,..,..,..,..,..
South Sudan,SSD,"Inflation, consumer prices (annual %)",FP.CPI.TOTL.ZG,..,..,1.169621803,50.15059835,380.7769037
Spain,ESP,GDP growth (annual %),NY.GDP.MKTP.KD.ZG,5.28909959505918,3.72300178841655,0.0140638777627089,3.43225332792365,3.27446273967742
Spain,ESP,GDP per capita (constant 2005 US$),NY.GDP.PCAP.KD,28335.001833327,31110.0141282392,30736.6278530812,30532.4499736572,31505.6122034216
Spain,ESP,"Inflation, consumer prices (annual %)",FP.CPI.TOTL.ZG,3.43261428,3.369714479,1.79988133,-0.500461321,-0.202671741
Sri Lanka,LKA,GDP growth (annual %),NY.GDP.MKTP.KD.ZG,6.00003316014399,6.24174804465225,8.01595940652275,5.00768330472781,4.46882968837478
Sri Lanka,LKA,GDP per capita (constant 2005 US$),NY.GDP.PCAP.KD,1824.79369928527,2132.44219078491,2808.54596562183,3648.2344903297,3768.66680635955
Sri Lanka,LKA,"Inflation, consumer prices (annual %)",FP.CPI.TOTL.ZG,6.17627591,11.6396861,6.217648893,2.236852542,3.987896656
St. Kitts and Nevis,KNA,GDP growth (annual %),NY.GDP.MKTP.KD.ZG,10.694321280968,8.77143262922885,-2.24910307883719,3.97635482931963,2.20912043460211
St. Kitts and Nevis,KNA,GDP per capita (constant 2005 US$),NY.GDP.PCAP.KD,12911.3143439446,14162.1545757383,13704.2544536956,15469.2132515813,15657.2240568256
St. Kitts and Nevis,KNA,"Inflation, consumer prices (annual %)",FP.CPI.TOTL.ZG,2.148855327,3.37781904,0.50550031,-2.30187563,-0.690142376
St. Lucia,LCA,GDP growth (annual %),NY.GDP.MKTP.KD.ZG,0.0402952069570119,-0.362490529919796,-1.62215600684814,1.96360803387154,1.65361250756955
St. Lucia,LCA,GDP per capita (constant 2005 US$),NY.GDP.PCAP.KD,7216.9051860492,7482.70780678826,8007.69648429285,8270.70777286367,8369.2649573534
St. Lucia,LCA,"Inflation, consumer prices (annual %)",FP.CPI.TOTL.ZG,3.710786087,3.910769658,3.250344092,-0.984309204,-3.09324257
St. Martin (French part),MAF,GDP growth (annual %),NY.GDP.MKTP.KD.ZG,..,..,..,..,..
St. Martin (French part),MAF,GDP per capita (constant 2005 US$),NY.GDP.PCAP.KD,..,..,..,..,..
St. Martin (French part),MAF,"Inflation, consumer prices (annual %)",FP.CPI.TOTL.ZG,..,..,..,..,..
St. Vincent and the Grenadines,VCT,GDP growth (annual %),NY.GDP.MKTP.KD.ZG,1.63743839097532,2.48800485493084,-3.35352588952401,1.82245737801294,1.27020785219401
St. Vincent and the Grenadines,VCT,GDP per capita (constant 2005 US$),NY.GDP.PCAP.KD,4747.95855524537,5856.49405937436,6231.77023247462,6579.12333760027,6651.2676559236
St. Vincent and the Grenadines,VCT,"Inflation, consumer prices (annual %)",FP.CPI.TOTL.ZG,0.167679637,3.733429165,1.480573011,-1.73361195,-0.149641648
Sub-Saharan Africa,SSF,GDP growth (annual %),NY.GDP.MKTP.KD.ZG,3.58800593747344,5.63124124769396,5.40421492855158,3.10648967665352,1.32571559480898
Sub-Saharan Africa,SSF,GDP per capita (constant 2005 US$),NY.GDP.PCAP.KD,1163.81901415717,1359.5519495386,1554.50147329272,1671.89273286277,1649.19335845008
Sub-Saharan Africa,SSF,"Inflation, consumer prices (annual %)",FP.CPI.TOTL.ZG,4.802288869,7.167769198,4.116984435,4.041590498,5.538485174
Sub-Saharan Africa (excluding high income),SSA,GDP growth (annual %),NY.GDP.MKTP.KD.ZG,3.59018465555863,5.62875501917981,5.40382101708265,3.10515473499295,1.32335778538226
Sub-Saharan Africa (excluding high income),SSA,GDP per capita (constant 2005 US$),NY.GDP.PCAP.KD,1162.77281442335,1358.67768457538,1553.55691314384,1670.82456547402,1648.09929481047
Sub-Saharan Africa (excluding high income),SSA,"Inflation, consumer prices (annual %)",FP.CPI.TOTL.ZG,4.5007885625,7.482633508,4.257415985,4.09196825,5.631971937
Sudan,SDN,GDP growth (annual %),NY.GDP.MKTP.KD.ZG,6.34586776869979,7.48973814215957,3.46933509264973,4.90604517452817,4.70000004201418
Sudan,SDN,GDP per capita (constant 2005 US$),NY.GDP.PCAP.KD,1003.00204956655,1189.96098816905,1476.47808657841,1881.89526333396,1923.99532199261
Sudan,SDN,"Inflation, consumer prices (annual %)",FP.CPI.TOTL.ZG,8.033055445,8.516734349,13.24539414,16.91179225,17.75032648
Suriname,SUR,GDP growth (annual %),NY.GDP.MKTP.KD.ZG,-0.0686872177401909,4.57071492130967,5.16882516188714,-2.59752989609881,-5.14239710174097
Suriname,SUR,GDP per capita (constant 2005 US$),NY.GDP.PCAP.KD,5685.38735001373,7109.36930268371,8303.31332009764,8627.52723432901,8108.23664453198
Suriname,SUR,"Inflation, consumer prices (annual %)",FP.CPI.TOTL.ZG,59.40168655,9.898004896,6.944787295,6.893897277,52.33561798
Sweden,SWE,GDP growth (annual %),NY.GDP.MKTP.KD.ZG,4.73528713324107,2.8183296177564,5.98892654713985,4.52196934683704,3.23494192235782
Sweden,SWE,GDP per capita (constant 2005 US$),NY.GDP.PCAP.KD,44693.7365969156,49996.1752158939,52076.2559134864,55395.05870784,56473.022779491
Sweden,SWE,"Inflation, consumer prices (annual %)",FP.CPI.TOTL.ZG,1.037254649,0.453170853,1.157988027,-0.046784745,0.984269245
Switzerland,CHE,GDP growth (annual %),NY.GDP.MKTP.KD.ZG,3.93682345267324,3.11524552972648,3.00269910775171,1.22638435945626,1.37588449583828
Switzerland,CHE,GDP per capita (constant 2005 US$),NY.GDP.PCAP.KD,67807.9268085504,70471.4385201236,74605.7210207051,76472.4594877065,76682.6448002236
Switzerland,CHE,"Inflation, consumer prices (annual %)",FP.CPI.TOTL.ZG,1.543392089,1.171971667,0.698510114,-1.143915069,-0.434632563
Syrian Arab Republic,SYR,GDP growth (annual %),NY.GDP.MKTP.KD.ZG,2.74285739723466,6.19999999952987,..,..,..
Syrian Arab Republic,SYR,GDP per capita (constant 2005 US$),NY.GDP.PCAP.KD,..,..,..,..,..
Syrian Arab Republic,SYR,"Inflation, consumer prices (annual %)",FP.CPI.TOTL.ZG,-3.846153846,7.240349393,4.397413832,..,..
Tajikistan,TJK,GDP growth (annual %),NY.GDP.MKTP.KD.ZG,8.30000101222852,6.69999705736541,6.50000035307858,6,6.90000145473589
Tajikistan,TJK,GDP per capita (constant 2005 US$),NY.GDP.PCAP.KD,413.586440748804,598.302229768552,738.347522660006,925.621638386918,968.385602564592
Tajikistan,TJK,"Inflation, consumer prices (annual %)",FP.CPI.TOTL.ZG,..,7.091932443,6.419565094,5.714559496,6.004580823
Tanzania,TZA,GDP growth (annual %),NY.GDP.MKTP.KD.ZG,4.93384662711458,8.17333583413813,6.35888608129918,6.95931424682314,6.9681294933237
Tanzania,TZA,GDP per capita (constant 2005 US$),NY.GDP.PCAP.KD,497.204179862896,610.822326055782,701.604550062032,835.97094587663,867.058650655122
Tanzania,TZA,"Inflation, consumer prices (annual %)",FP.CPI.TOTL.ZG,5.923961096,5.034570093,6.200155956,5.587837361,5.170320175
Thailand,THA,GDP growth (annual %),NY.GDP.MKTP.KD.ZG,4.45567603093122,4.1878349237258,7.5135906579751,3.02017399321757,3.28268307477235
Thailand,THA,GDP per capita (constant 2005 US$),NY.GDP.PCAP.KD,3458.05393141622,4337.26335679049,5075.30217639529,5739.76265158467,5910.45456683358
Thailand,THA,"Inflation, consumer prices (annual %)",FP.CPI.TOTL.ZG,1.591969175,4.540369196,3.247588424,-0.900164342,0.188334903
Timor-Leste,TLS,GDP growth (annual %),NY.GDP.MKTP.KD.ZG,..,35.8796702180466,-1.16736095383038,20.8807602084893,0.824533627362769
Timor-Leste,TLS,GDP per capita (constant 2005 US$),NY.GDP.PCAP.KD,1345.38638747387,2559.62217198832,3603.75728420951,3009.1487722328,2967.73146597484
Timor-Leste,TLS,"Inflation, consumer prices (annual %)",FP.CPI.TOTL.ZG,..,1.111674004,6.765976802,0.63428342,-1.220679751
Togo,TGO,GDP growth (annual %),NY.GDP.MKTP.KD.ZG,-0.783479605885788,1.18040695642318,3.99567877036402,5.38484218937813,5.39814618861041
Togo,TGO,GDP per capita (constant 2005 US$),NY.GDP.PCAP.KD,515.669772437193,476.671547533371,487.923891266382,545.577884885336,560.697654931133
Togo,TGO,"Inflation, consumer prices (annual %)",FP.CPI.TOTL.ZG,1.890047839,6.80159017,1.834169331,1.789864499,0.854424699
Tonga,TON,GDP growth (annual %),NY.GDP.MKTP.KD.ZG,3.3698396935288,1.58216837635834,3.58565737051792,3.71184687015003,3.37947374984412
Tonga,TON,GDP per capita (constant 2005 US$),NY.GDP.PCAP.KD,3275.81211103324,3521.50709733802,3548.0683985325,3694.46240875432,3792.29014891156
Tonga,TON,"Inflation, consumer prices (annual %)",FP.CPI.TOTL.ZG,6.327635514,8.665692211,3.534912023,-1.05399832,2.579997777
Trinidad and Tobago,TTO,GDP growth (annual %),NY.GDP.MKTP.KD.ZG,6.90135950372807,6.20899299039579,3.32333051183251,1.51716296239492,-5.95706134719481
Trinidad and Tobago,TTO,GDP per capita (constant 2005 US$),NY.GDP.PCAP.KD,9779.49634411302,14105.3413149066,16683.9457843568,16824.6726383117,15765.9643231891
Trinidad and Tobago,TTO,"Inflation, consumer prices (annual %)",FP.CPI.TOTL.ZG,3.555413197,6.885944155,10.54738949,4.658171173,3.060468943
Tunisia,TUN,GDP growth (annual %),NY.GDP.MKTP.KD.ZG,4.70985994539875,3.48653581548528,3.5106086386031,1.15361583712001,1.1083929680381
Tunisia,TUN,GDP per capita (constant 2005 US$),NY.GDP.PCAP.KD,3004.610765488,3492.16594433769,4140.1517698059,4270.8740483977,4269.13976808591
Tunisia,TUN,"Inflation, consumer prices (annual %)",FP.CPI.TOTL.ZG,2.962307947,2.017786414,4.416268965,4.857182282,3.711014607
Turkey,TUR,GDP growth (annual %),NY.GDP.MKTP.KD.ZG,6.64006126325236,9.00985321386464,8.48737218680751,6.08588663198672,3.18383154306613
Turkey,TUR,GDP per capita (constant 2005 US$),NY.GDP.PCAP.KD,8237.60871332467,9692.12956709836,10672.4001621088,13898.748837968,14117.4368745282
Turkey,TUR,"Inflation, consumer prices (annual %)",FP.CPI.TOTL.ZG,54.91538241,10.13840492,8.566444206,7.670853648,7.775134153
Turkmenistan,TKM,GDP growth (annual %),NY.GDP.MKTP.KD.ZG,5.46906413252853,13.0403634090103,9.19999998805483,6.49999990951666,6.1999999664301
Turkmenistan,TKM,GDP per capita (constant 2005 US$),NY.GDP.PCAP.KD,2381.17572965515,2900.12255413331,4439.20300021757,6693.93561006515,6986.85594417965
Turkmenistan,TKM,"Inflation, consumer prices (annual %)",FP.CPI.TOTL.ZG,..,..,..,..,..
Turks and Caicos Islands,TCA,GDP growth (annual %),NY.GDP.MKTP.KD.ZG,..,..,..,..,..
Turks and Caicos Islands,TCA,GDP per capita (constant 2005 US$),NY.GDP.PCAP.KD,..,..,..,..,..
Turks and Caicos Islands,TCA,"Inflation, consumer prices (annual %)",FP.CPI.TOTL.ZG,..,..,..,..,..
Tuvalu,TUV,GDP growth (annual %),NY.GDP.MKTP.KD.ZG,-0.970599813962579,-3.77972996161054,-2.72942791190968,9.14291191926517,3.03495102867582
Tuvalu,TUV,GDP per capita (constant 2005 US$),NY.GDP.PCAP.KD,3079.53011797931,2910.71379687003,3021.88952810147,3459.77855114164,3533.94226148504
Tuvalu,TUV,"Inflation, consumer prices (annual %)",FP.CPI.TOTL.ZG,..,..,..,..,..
Uganda,UGA,GDP growth (annual %),NY.GDP.MKTP.KD.ZG,3.14190733820372,6.33256511630916,5.63759980250855,5.1878598626103,4.65657559808615
Uganda,UGA,GDP per capita (constant 2005 US$),NY.GDP.PCAP.KD,412.196426574694,480.095407204692,595.206173218473,654.136578519892,662.434401678693
Uganda,UGA,"Inflation, consumer prices (annual %)",FP.CPI.TOTL.ZG,3.392021585,8.448726423,3.976552885,5.416061599,5.464428082
Ukraine,UKR,GDP growth (annual %),NY.GDP.MKTP.KD.ZG,5.89999999959699,2.69999997527786,4.20000001799505,-9.77297394655352,2.30760193424764
Ukraine,UKR,GDP per capita (constant 2005 US$),NY.GDP.PCAP.KD,1817.99710109357,2746.04980202904,2965.14236549771,2828.88539029976,2905.85744034369
Ukraine,UKR,"Inflation, consumer prices (annual %)",FP.CPI.TOTL.ZG,28.20309724,13.56957649,9.378589479,48.72427984,13.89503782
United Arab Emirates,ARE,GDP growth (annual %),NY.GDP.MKTP.KD.ZG,10.8527042125985,4.85514119630903,1.60280996068229,5.06470152944831,2.98844182081464
United Arab Emirates,ARE,GDP per capita (constant 2005 US$),NY.GDP.PCAP.KD,62833.2510712003,56199.0292674233,35037.8926731322,40753.8863426086,41449.6814172376
United Arab Emirates,ARE,"Inflation, consumer prices (annual %)",FP.CPI.TOTL.ZG,..,..,0.878936756,4.068834375,1.617876882
United Kingdom,GBR,GDP growth (annual %),NY.GDP.MKTP.KD.ZG,3.66412896042961,3.09608893680313,1.69454713975598,2.34593951714504,1.93579094969158
United Kingdom,GBR,GDP per capita (constant 2005 US$),NY.GDP.PCAP.KD,35576.7668473642,39740.9029213191,38893.0184937365,41536.9191150355,42039.7363643926
United Kingdom,GBR,"Inflation, consumer prices (annual %)",FP.CPI.TOTL.ZG,0.785269429,2.049668311,3.285714286,0.050020842,0.641613199
United States,USA,GDP growth (annual %),NY.GDP.MKTP.KD.ZG,4.09217644881066,3.34521606334877,2.53192061616315,2.86158702527237,1.48527919319146
United States,USA,GDP per capita (constant 2005 US$),NY.GDP.PCAP.KD,45055.817918284,48755.6160606735,48375.4069462972,51933.4048064982,52319.1633505427
United States,USA,"Inflation, consumer prices (annual %)",FP.CPI.TOTL.ZG,3.376857271,3.392746845,1.640043442,0.118627136,1.261583206
Upper middle income,UMC,GDP growth (annual %),NY.GDP.MKTP.KD.ZG,6.22290657055733,7.06021741477505,7.46038182596105,3.39245202494776,3.91131977516655
Upper middle income,UMC,GDP per capita (constant 2005 US$),NY.GDP.PCAP.KD,3787.52645814699,4787.80389617607,6294.6779755664,7668.81104439522,7908.03730152683
Upper middle income,UMC,"Inflation, consumer prices (annual %)",FP.CPI.TOTL.ZG,5.6582653155,4.540369196,3.886276288,1.548691582,2
Uruguay,URY,GDP growth (annual %),NY.GDP.MKTP.KD.ZG,-1.92993063972195,7.46013210559531,7.80340966844247,0.370741266957879,1.68979816237868
Uruguay,URY,GDP per capita (constant 2005 US$),NY.GDP.PCAP.KD,8997.66012274171,9068.23920935451,11938.212001755,13859.4073942395,14042.6389948363
Uruguay,URY,"Inflation, consumer prices (annual %)",FP.CPI.TOTL.ZG,4.763824727,4.69927739,6.676386868,8.666269871,9.639413476
Uzbekistan,UZB,GDP growth (annual %),NY.GDP.MKTP.KD.ZG,3.79999999335621,7.00000000499467,8.50000000075197,7.99999999891617,7.80000000151786
Uzbekistan,UZB,GDP per capita (constant 2005 US$),NY.GDP.PCAP.KD,813.203769489388,996.868052119251,1377.08214046938,1851.47277905238,1961.48217469837
Uzbekistan,UZB,"Inflation, consumer prices (annual %)",FP.CPI.TOTL.ZG,..,..,..,..,..
Vanuatu,VUT,GDP growth (annual %),NY.GDP.MKTP.KD.ZG,5.92204453891594,5.30285230957195,1.62908159635768,-0.801094177413049,4.00057448624516
Vanuatu,VUT,GDP per capita (constant 2005 US$),NY.GDP.PCAP.KD,2839.9324726124,2625.26906802965,2965.80243434839,2823.70782875692,2873.69293665534
Vanuatu,VUT,"Inflation, consumer prices (annual %)",FP.CPI.TOTL.ZG,2.462311558,1.199200533,2.809293259,2.465656921,0.859401856
"Venezuela, RB",VEN,GDP growth (annual %),NY.GDP.MKTP.KD.ZG,3.68694416687678,10.3179138043148,-1.48879125078348,..,..
"Venezuela, RB",VEN,GDP per capita (constant 2005 US$),NY.GDP.PCAP.KD,11799.8833217285,12237.9350070623,13545.2634531128,..,..
"Venezuela, RB",VEN,"Inflation, consumer prices (annual %)",FP.CPI.TOTL.ZG,16.20480731,15.95463087,28.18746471,121.7380853,254.9485348
Vietnam,VNM,GDP growth (annual %),NY.GDP.MKTP.KD.ZG,6.78731640822197,7.5472477272281,6.42323821717494,6.67928878891431,6.21081166789989
Vietnam,VNM,GDP per capita (constant 2005 US$),NY.GDP.PCAP.KD,761.61017123494,1012.37070742887,1310.37027294129,1651.23467528936,1735.29095437463
Vietnam,VNM,"Inflation, consumer prices (annual %)",FP.CPI.TOTL.ZG,-1.710337279,8.281421766,8.861600361,0.878603714,3.243832858
Virgin Islands (U.S.),VIR,GDP growth (annual %),NY.GDP.MKTP.KD.ZG,..,3.63226452905812,0.904116107542237,0.19430051813471,..
Virgin Islands (U.S.),VIR,GDP per capita (constant 2005 US$),NY.GDP.PCAP.KD,..,39026.6545559329,40043.1901659314,29389.0576736405,..
Virgin Islands (U.S.),VIR,"Inflation, consumer prices (annual %)",FP.CPI.TOTL.ZG,..,..,..,..,..
West Bank and Gaza,PSE,GDP growth (annual %),NY.GDP.MKTP.KD.ZG,-8.55618356672856,10.7987618959624,8.09908891870943,3.42873221320006,4.70843525605618
West Bank and Gaza,PSE,GDP per capita (constant 2005 US$),NY.GDP.PCAP.KD,2355.63327564596,2524.26647446781,2338.71987682303,2641.79894815406,2655.53946474033
West Bank and Gaza,PSE,"Inflation, consumer prices (annual %)",FP.CPI.TOTL.ZG,2.798198924,4.107250707,3.749157276,1.431611458,-0.219106608
World,WLD,GDP growth (annual %),NY.GDP.MKTP.KD.ZG,4.38871194489505,3.83004477985082,4.31147225552722,2.85694552780167,2.50572788548887
World,WLD,GDP per capita (constant 2005 US$),NY.GDP.PCAP.KD,8172.62928574594,8915.31559434373,9513.61779781975,10293.3034925158,10428.4832269877
World,WLD,"Inflation, consumer prices (annual %)",FP.CPI.TOTL.ZG,3.555413197,4.1665892205,3.491288726,1.528529152,1.6648249745
"Yemen, Rep.",YEM,GDP growth (annual %),NY.GDP.MKTP.KD.ZG,6.1819155928913,5.59174807563268,7.70230703961865,-37.1467512772487,-34.339754357643
"Yemen, Rep.",YEM,GDP per capita (constant 2005 US$),NY.GDP.PCAP.KD,1138.24712001392,1214.70464242867,1309.23193465778,674.863535926154,432.386103944614
"Yemen, Rep.",YEM,"Inflation, consumer prices (annual %)",FP.CPI.TOTL.ZG,4.59,11.81126394,11.17483386,..,..
Zambia,ZMB,GDP growth (annual %),NY.GDP.MKTP.KD.ZG,3.89732294341896,7.23559900655543,10.2982058517493,2.91988111018713,3.75717780476374
Zambia,ZMB,GDP per capita (constant 2005 US$),NY.GDP.PCAP.KD,938.351156683685,1107.72817478721,1463.21357310715,1618.45766533614,1629.59030492169
Zambia,ZMB,"Inflation, consumer prices (annual %)",FP.CPI.TOTL.ZG,26.03041179,18.3244397,8.501761334,10.11059289,17.86996005
Zimbabwe,ZWE,GDP growth (annual %),NY.GDP.MKTP.KD.ZG,-3.05918962553469,-5.7110838330468,12.5810269716888,1.68959459207842,0.615713754356918
Zimbabwe,ZWE,GDP per capita (constant 2005 US$),NY.GDP.PCAP.KD,1261.1630883256,811.562954376746,719.9795162923,933.50326674854,917.563719684227
Zimbabwe,ZWE,"Inflation, consumer prices (annual %)",FP.CPI.TOTL.ZG,55.86645207,302.1169963,3.034478884,-2.398709959,-1.55978908
,,,,,,,,
,,,,,,,,
,,,,,,,,
Data from database: Jobs,,,,,,,,
Last Updated: 10/28/2019,,,,,,,,
